-- phpMyAdmin SQL Dump
-- version 4.7.0
-- https://www.phpmyadmin.net/
--
-- Hôte : 127.0.0.1
-- Généré le :  jeu. 21 nov. 2019 à 19:18
-- Version du serveur :  5.7.17
-- Version de PHP :  5.6.30

DROP DATABASE IF EXISTS bd_ahai;
CREATE DATABASE bd_ahai;
USE bd_ahai;

SET SQL_MODE = "NO_AUTO_VALUE_ON_ZERO";
SET time_zone = "+00:00";


/*!40101 SET @OLD_CHARACTER_SET_CLIENT=@@CHARACTER_SET_CLIENT */;
/*!40101 SET @OLD_CHARACTER_SET_RESULTS=@@CHARACTER_SET_RESULTS */;
/*!40101 SET @OLD_COLLATION_CONNECTION=@@COLLATION_CONNECTION */;
/*!40101 SET NAMES utf8mb4 */;

--
-- Base de données :  `bd_ahai`
--
DROP FUNCTION IF EXISTS getClef;
DROP FUNCTION IF EXISTS CryptMdp;
DROP FUNCTION IF EXISTS DecryptMdp;

DELIMITER |
CREATE FUNCTION getClef () RETURNS VARCHAR(100)
BEGIN
    RETURN "Evian&Chi1";
END;
    |
CREATE FUNCTION CryptMdp (mdp VARCHAR(50)) RETURNS blob
BEGIN
    DECLARE mdpCrypte blob;
    SET mdpCrypte=AES_ENCRYPT(mdp,getClef());
    RETURN mdpCrypte;
END;
    |
CREATE FUNCTION DecryptMdp (mdpCrypte blob) RETURNS VARCHAR(100)
BEGIN
    RETURN aes_decrypt(mdpCrypte,getClef());
END;
    |
DELIMITER ;

--
-- Structure de la table `ths_centre`
--

CREATE TABLE `ths_centre` (
  `IDCENTRE` int(6) NOT NULL,
  `LIBELLECENTRE` varchar(50) DEFAULT NULL,
  PRIMARY KEY (`IDCENTRE`)
) ENGINE=InnoDB DEFAULT CHARSET=latin1;

--
-- Structure de la table `ths_examen`
--

CREATE TABLE `ths_examen` (
  `NUMEXAM` int(6) NOT NULL,
  `LIBELLEXAM` varchar(20) NOT NULL,
  `VALMIN` int(7) DEFAULT NULL,
  `VALMAX` int(7) DEFAULT NULL,
  PRIMARY KEY (`NUMEXAM`)
) ENGINE=InnoDB DEFAULT CHARSET=latin1;

--
-- Structure de la table `ths_traitement`
--

CREATE TABLE `ths_traitement` (
  `NUMTTT` int(6) NOT NULL AUTO_INCREMENT,
  `LIBELLETTT` varchar(30) NOT NULL,
  PRIMARY KEY (`NUMTTT`)
) ENGINE=InnoDB DEFAULT CHARSET=latin1;

--
-- Structure de la table `patient`
--
CREATE TABLE `patient` (
  `NUMPAT` int(6) NOT NULL,
  `PRENOM` varchar(20) DEFAULT NULL,
  `NOM` varchar(10) DEFAULT NULL,
  `DDN` date DEFAULT NULL,
  `SEXE` int(1) DEFAULT NULL,
  `CONSANGPAR` varchar(3) DEFAULT NULL,
  `SAMEN` float DEFAULT NULL,
  `PDSNAIS` int(4) DEFAULT NULL,
  `TAILLENAIS` float DEFAULT NULL,
  `PCNAIS` float DEFAULT NULL,
  `IDCENTRE` int(6) DEFAULT NULL,
  `AHAIEVANS` varchar(20) DEFAULT NULL,
  PRIMARY KEY (`NUMPAT`),
  FOREIGN KEY (IDCENTRE) REFERENCES ths_centre(IDCENTRE) on delete SET NULL on update cascade
) ENGINE=InnoDB DEFAULT CHARSET=latin1;

--
-- Structure de la table `rel_patient_biologie`
--
CREATE TABLE `rel_patient_biologie` (
  `NUMPAT` int(6) NOT NULL,
  `DATEXAM` date NOT NULL,
  `NUMEXAM` int(6) NOT NULL,
  `RES` varchar(50) DEFAULT NULL
) ENGINE=InnoDB DEFAULT CHARSET=latin1;
--
-- Structure de la table `rel_patient_traitement`
--
CREATE TABLE `rel_patient_traitement` (
  `NUMPAT` int(6) NOT NULL,
  `NUMTTT` int(6) NOT NULL,
  `DATEDEB` date NOT NULL,
  `DATEFIN` date DEFAULT NULL
) ENGINE=InnoDB DEFAULT CHARSET=latin1;


ALTER TABLE `rel_patient_biologie`
  ADD PRIMARY KEY (`NUMPAT`,`NUMEXAM`,`DATEXAM`),
  ADD KEY `con3` (`NUMPAT`),
  ADD KEY `con4` (`NUMEXAM`);

ALTER TABLE `rel_patient_traitement`
  ADD PRIMARY KEY (`NUMPAT`,`NUMTTT`,`DATEDEB`),
  ADD KEY `con1` (`NUMPAT`),
  ADD KEY `con2` (`NUMTTT`);


ALTER TABLE `rel_patient_biologie`
  ADD CONSTRAINT `con3` FOREIGN KEY (`NUMPAT`) REFERENCES `patient` (`NUMPAT`) ON DELETE CASCADE ON UPDATE CASCADE,
  ADD CONSTRAINT `con4` FOREIGN KEY (`NUMEXAM`) REFERENCES `ths_examen` (`NUMEXAM`);

ALTER TABLE `rel_patient_traitement`
  ADD CONSTRAINT `con1` FOREIGN KEY (`NUMPAT`) REFERENCES `patient` (`NUMPAT`) ON DELETE CASCADE ON UPDATE CASCADE,
  ADD CONSTRAINT `con2` FOREIGN KEY (`NUMTTT`) REFERENCES `ths_traitement` (`NUMTTT`);


--
-- Structure de la table `utilisateur`
--

CREATE TABLE `utilisateur` (
  `nomutilisateur` varchar(50) NOT NULL,
  `motdepasseU` blob NOT NULL,
  PRIMARY KEY (`nomutilisateur`)
) ENGINE=InnoDB DEFAULT CHARSET=latin1;

--
-- Déchargement des données de la table `ths_centre`
--

INSERT INTO `ths_centre` (`IDCENTRE`, `LIBELLECENTRE`) VALUES
(1, 'Amiens'),
(2, 'Angers'),
(3, 'Besançon'),
(4, 'Bordeaux'),
(5, 'Caen'),
(6, 'Clermont-Ferrand'),
(7, 'Dijon'),
(8, 'Grenoble'),
(9, 'Lille'),
(10, 'Limoges'),
(11, 'Lyon'),
(12, 'Marseille'),
(13, 'Nancy'),
(14, 'Nantes'),
(15, 'Nice-L\'A'),
(16, 'Paris-Autres'),
(17, 'Paris-KB'),
(18, 'Paris-Necker'),
(19, 'Paris-RD'),
(20, 'Paris-StL'),
(21, 'Paris-Trs'),
(22, 'Poitiers'),
(23, 'Reims'),
(24, 'Rennes'),
(25, 'Rouen'),
(26, 'Saint Etienne'),
(27, 'Strasbourg'),
(28, 'Toulouse'),
(29, 'Tours');

--
-- Déchargement des données de la table `ths_examen`
--

INSERT INTO `ths_examen` (`NUMEXAM`, `LIBELLEXAM`, `VALMIN`, `VALMAX`) VALUES
(1, 'Hb', 0, 7),
(2, 'GB', 4000, 10000),
(3, 'Plaquettes', 150000, 400000),
(4, 'Lymphocytes', 1500, 4000),
(5, 'Réticulocytes', 25000, 75000),
(6, 'PNN', 1800, 7000);

--
-- Déchargement des données de la table `ths_traitement`
--

INSERT INTO `ths_traitement` (`NUMTTT`, `LIBELLETTT`) VALUES
(1, 'Allogreffe'),
(2, 'antiD'),
(3, 'Arthralgie'),
(4, 'Auto'),
(5, 'Bléo-Cy-VCR'),
(6, 'bolus'),
(7, 'Cellcept'),
(8, 'CG'),
(9, 'Ciclo'),
(10, 'Colchicine'),
(11, 'CT'),
(12, 'CT Mabx4'),
(13, 'Cy'),
(14, 'Danazol'),
(15, 'Disulone'),
(16, 'Endoxan'),
(17, 'EST'),
(18, 'Fluda'),
(19, 'GCSF'),
(20, 'géno'),
(21, 'Ig'),
(22, 'Imuran'),
(23, 'Imurel'),
(24, 'Infliximab'),
(25, 'IS'),
(26, 'Lederfoline'),
(27, 'MAB'),
(28, 'MABX12'),
(29, 'MABX2'),
(30, 'MABX3'),
(31, 'MABX4'),
(32, 'MABX6'),
(33, 'MABX7'),
(34, 'MABX8'),
(35, 'MTX'),
(36, 'Plaquenil'),
(37, 'plasmaphérèses'),
(38, 'Purinéthol'),
(39, 'RC'),
(40, 'SAL'),
(41, 'SAL+Ciclo'),
(42, 'SAL-Ciclo'),
(43, 'SPX'),
(44, 'VCR'),
(45, 'Velbé'),
(46, 'X');

--
-- Déchargement des données de la table `patient`
--

INSERT INTO `patient` (`NUMPAT`, `PRENOM`, `DDN`, `SEXE`, `CONSANGPAR`, `SAMEN`, `PDSNAIS`, `TAILLENAIS`, `PCNAIS`, `IDCENTRE`, `AHAIEVANS`, `NOM`) VALUES
(1, 'RENE', '1982-10-08', 1, 'non', 38, 3200, 49, 35, 21, 'Evans', 'BE'),
(2, 'ODETTE', '1990-03-04', 2, 'non', 39, 3400, 51, 34, 17, 'Evans', 'MI'),
(3, 'SOLEDADE', '1989-08-12', 1, 'non', null, null, null, null, 11, 'Evans', 'DU'),
(4, 'JEAN-PIERR', '2004-05-18', 1, 'non', 35, 3090, null, null, 11, 'AHAI isolée', 'RO'),
(5, 'ANASTASIA', '1998-07-24', 1, '', null, 3240, null, null, 1, 'AHAI isolée', 'PR'),
(6, 'JULIE', '2002-10-02', 2, 'non', null, null, null, null, 26, 'AHAI isolée', 'ME'),
(7, 'CONCEICAO', '1988-09-26', 1, 'non', 41, 3750, 51, 35, 21, 'AHAI isolée', 'GO'),
(8, 'CLAIRE', '2001-09-30', 2, 'non', 40, 2920, 48, 34, 28, 'AHAI isolée', 'LA'),
(9, 'SYLVIANE', '1991-01-31', 1, 'non', null, null, null, null, 20, 'AHAI isolée', 'SO'),
(10, 'CHRISTIAN', '1998-01-21', 2, 'non', 40, 3850, 50, 36, 21, 'Evans', 'CH'),
(11, 'FRANCK', '1996-05-16', 2, 'oui', 39, 2780, 49, 34, 27, 'AHAI isolée', 'CA'),
(12, 'LUCIEN', '1991-09-12', 2, 'non', null, null, null, null, 12, 'AHAI isolée', 'CO'),
(13, 'DAVID', '1991-05-30', 2, 'non', null, null, null, null, 21, 'AHAI isolée', 'HU'),
(14, 'GEORGES', '1999-03-17', 1, 'non', null, null, null, null, 21, 'AHAI isolée', 'SC'),
(15, 'PHILIPPE', '1995-07-18', 1, 'non', 37, 3470, 50, 35, 21, 'AHAI isolée', 'RE'),
(16, 'FRANCIS', '1996-12-03', 1, 'non', 37, 3690, 50, 37, 18, 'Evans', 'BR'),
(17, 'SIMONE', '1989-04-11', 1, '', null, null, null, null, 4, 'AHAI isolée', 'AB'),
(18, 'TERESA', '1996-06-24', 1, 'oui', 40, 2460, 47, 32, 21, 'Evans', 'CA'),
(19, 'GABRIEL', '2002-02-22', 1, 'non', null, 2740, null, null, 4, 'Evans', 'HA'),
(20, 'BERNARD', '1995-06-07', 1, 'non', null, null, null, null, 12, 'Evans', 'RI'),
(21, 'MARIE', '2003-11-26', 1, 'non', 38, 3820, 50, 37, 8, 'AHAI isolée', 'OL'),
(22, 'EOND', '1993-10-07', 2, 'non', null, null, null, null, 3, 'AHAI isolée', 'DU'),
(23, 'JACQUELINE', '1989-02-24', 1, 'non', 37, 3220, 50, 35, 21, 'Evans', 'HE'),
(24, 'JOACHIM', '1991-09-05', 1, 'non', null, null, null, null, 12, 'AHAI isolée', 'DE'),
(25, 'MARIE-NATH', '1992-03-27', 1, 'oui', 41, 3810, 52, 33, 11, 'Evans', 'DE'),
(26, 'ELODIE', '2005-08-01', 1, 'oui', 38, 2540, 47, 33, 11, 'AHAI isolée', 'GI'),
(27, 'MIREILLE', '1995-12-18', 2, 'non', 37, 3160, 49, 34, 17, 'Evans', 'LA'),
(28, 'MARILINE', '1990-10-25', 2, '', null, null, null, null, 12, 'AHAI isolée', 'BE'),
(29, 'DENISE', '1986-12-12', 1, 'non', 39, 3470, 50, 35, 29, 'AHAI isolée', 'BU'),
(30, 'JEAN-LUC', '1993-03-31', 1, 'non', 39, 3470, 50, 34, 4, 'Evans', 'DU'),
(31, 'BERNARD', '1997-01-06', 1, '', null, null, null, null, 15, 'AHAI isolée', 'TH'),
(32, 'MARIE', '2006-04-03', 1, 'non', 39, 4110, 52, null, 28, 'Evans', 'LE'),
(33, 'FRANCOISE', '1990-12-16', 2, 'non', null, null, null, null, 17, 'Evans', 'HE'),
(34, 'ARLETTE', '1985-08-13', 2, '', null, null, null, null, 4, 'AHAI isolée', 'BO'),
(35, 'MARTIN', '1998-03-14', 1, 'non', 41, 3400, 52, null, 24, 'Evans', 'CL'),
(36, 'CHRISTIAN', '2002-02-09', 2, 'non', null, null, null, null, 15, 'AHAI isolée', 'GU'),
(37, 'PIERRE', '1984-01-18', 1, 'non', null, null, null, null, 12, 'Evans', 'HA'),
(38, 'GUY', '1983-02-27', 1, 'non', null, null, null, null, 27, 'Evans', 'DU'),
(39, 'MELIKA', '1989-04-10', 2, '', null, null, null, null, 29, 'Evans', 'RI'),
(40, 'JOEL-EMILE', '1995-03-11', 1, 'non', 41, 3700, 52, 39, 8, 'Evans', 'RO'),
(41, 'COLETTE', '1990-10-17', 1, 'non', 37, 4090, 52, 36, 4, 'AHAI isolée', 'CO'),
(42, 'MARIE-JEAN', '1980-01-12', 2, '', null, null, null, null, 4, 'AHAI isolée', 'SA'),
(43, 'GERALDINE', '1976-04-20', 2, '', null, null, null, null, 4, 'AHAI isolée', 'DI'),
(44, 'ANNIE', '1992-05-12', 1, '', null, null, null, null, 8, 'AHAI isolée', 'BR'),
(45, 'SERGE', '1992-06-01', 2, '', null, null, null, null, 2, 'Evans', 'RI'),
(46, 'MADELEINE', '1984-03-05', 1, 'non', null, null, null, null, 17, 'Evans', 'RO'),
(47, 'JEAN-CLAUD', '2004-02-15', 1, 'non', 38, 3360, 48, 34, 19, 'AHAI isolée', 'BL'),
(48, 'ERIC', '1998-04-25', 1, 'non', 38, 3880, null, 37, 19, 'AHAI isolée', 'AR'),
(49, 'MARIE-ANGE', '1990-03-02', 1, '', null, null, null, null, 14, 'Evans', 'LA'),
(50, 'MARIE', '2007-08-13', 2, 'non', 39, 2900, 49, 32, 27, 'AHAI isolée', 'SA'),
(51, 'LIONEL', '1987-10-04', 2, 'non', null, null, null, null, 21, 'AHAI isolée', 'AM'),
(52, 'HENRIETTE', '1989-09-08', 1, 'non', null, null, null, null, 18, 'Evans', 'OU'),
(53, 'LOUIS', '1990-03-31', 2, '', 37, 2750, null, null, 13, 'Evans', 'VE'),
(54, 'BARBARA', '1997-08-28', 1, '', null, null, null, null, 11, 'AHAI isolée', 'ES'),
(55, 'JOSEPH', '2004-03-22', 2, 'non', null, null, null, null, 26, 'AHAI isolée', 'GU'),
(56, 'DOMINGOS', null, 1, '', null, null, null, null, 18, 'Evans', 'GU'),
(57, 'FRANCIS', null, 1, '', null, null, null, null, 20, 'Evans', 'LE'),
(58, 'MARYSE', '2001-12-14', 1, 'non', 39, 3500, null, null, 14, 'AHAI isolée', 'RA'),
(59, 'GEORGES', '1997-11-13', 2, 'non', null, null, null, null, 21, 'AHAI isolée', 'LE'),
(60, 'SIMONE', '1991-06-13', 1, 'non', 37, 2900, null, null, 21, 'Evans', 'ME'),
(61, 'FELIX', '1999-01-17', 2, 'non', 41, 3130, 50, 34, 17, 'Evans', 'CR'),
(62, 'SOLANGE', '1993-01-25', 2, 'non', null, null, null, null, 21, 'Evans', 'MO'),
(63, 'MICHEL', '1996-09-22', 2, 'non', null, null, null, null, 17, 'AHAI isolée', 'DU'),
(64, 'ZELIKHA', '1985-03-03', 2, 'non', null, null, null, null, 12, 'Evans', 'VA'),
(65, 'ROBERT', '2007-09-15', 1, '', null, null, null, null, 11, 'AHAI isolée', 'CA'),
(66, 'ANNIE', '1988-02-29', 1, 'non', 37, 3260, 50, 36, 14, 'Evans', 'CO'),
(67, 'SEBASTIEN', '2002-10-10', 2, 'non', 41, 3800, 42, 37, 17, 'AHAI isolée', 'DA'),
(68, 'ARMANDE', '1997-08-31', 2, '', null, null, null, null, 4, 'AHAI isolée', 'LA'),
(69, 'DOMINIQUE', '1991-06-02', 2, 'non', null, null, null, null, 25, 'AHAI isolée', 'LA'),
(70, 'RENE', '1991-12-05', 1, 'non', null, null, null, null, 6, 'Evans', 'DA'),
(71, 'JACQUES', '1995-05-20', 2, 'non', null, null, null, null, 7, 'Evans', 'LI'),
(72, 'ANNY', '1991-07-30', 1, '', 39, 3210, 51, 35, 4, 'Evans', 'CH'),
(73, 'DANIELLE', '1999-12-17', 2, 'non', null, null, null, null, 21, 'AHAI isolée', 'RO'),
(74, 'SEBASTIEN', '1996-07-05', 1, '', null, null, null, null, 12, 'Evans', 'CO'),
(75, 'JEANNE', '1992-08-25', 2, 'non', null, null, null, null, 23, 'Evans', 'CH'),
(76, 'BAPTISTE', '2007-08-20', 1, '', null, 4665, null, null, 14, 'AHAI isolée', 'LE'),
(77, 'GISELE', '1997-08-27', 2, '', null, null, null, null, 20, 'Evans', 'DA'),
(78, 'JEANNE', '1998-09-25', 1, 'non', 37, 2920, 50, 33, 11, 'Evans', 'SE'),
(79, 'PIERRE', '1998-08-22', 2, 'non', 38, 2900, 46, null, 9, 'AHAI isolée', 'DU'),
(80, 'CLEMENT', '1999-11-23', 1, 'non', null, 3640, null, null, 4, 'Evans', 'CH'),
(81, 'ARTHUR', '1997-06-28', 2, 'non', 34, 1320, 39, 28, 21, 'AHAI isolée', 'CO'),
(82, 'LEO', '2003-11-22', 1, 'non', null, null, null, null, 21, 'Evans', 'LA'),
(83, 'GASPARD', '1997-09-29', 1, 'non', null, null, null, null, 21, 'AHAI isolée', 'OL'),
(84, 'ALINE', '1998-06-14', 1, '', null, null, null, null, 29, 'Evans', 'ME'),
(85, 'FLORIAN', '1991-06-23', 2, '', null, null, null, null, 11, 'AHAI isolée', 'ME'),
(86, 'ENZO', '1992-06-22', 1, '', null, null, null, null, 11, 'Evans', 'GA'),
(87, 'MARIE', '1994-10-28', 1, 'non', 40, 3400, 49, 37, 21, 'Evans', 'SA'),
(88, 'ANTOINE', '2003-04-07', 1, 'non', null, null, null, null, 21, 'AHAI isolée', 'BO'),
(89, 'ELSA', '2001-09-13', 1, 'non', null, null, null, null, 20, 'AHAI isolée', 'LA'),
(90, 'LAURE', '1996-08-01', 1, '', 40, 3550, 52, null, 27, 'AHAI isolée', 'DU'),
(91, 'MARIE', '1984-07-16', 2, 'oui', null, null, null, null, 17, 'Evans', 'TA'),
(92, 'BAPTISTE', '1996-07-01', 2, 'non', 37, 3625, 49, 34, 8, 'Evans', 'HU'),
(93, 'PAULINE', '1996-07-23', 2, 'non', 39, 3360, 52, 37, 19, 'Evans', 'ES'),
(94, 'DAMIEN', '1992-11-26', 2, '', null, null, null, null, 27, 'AHAI isolée', 'ES'),
(95, 'AURELIE', '1987-12-21', 1, 'oui', 38, 3120, null, null, 20, 'Evans', 'OR'),
(96, 'DORIAN', '1988-12-20', 2, '', null, null, null, null, 21, 'AHAI isolée', 'DU'),
(97, 'HANANE', '1995-10-06', 1, 'non', 37, 3400, 50, 34, 24, 'Evans', 'AN'),
(98, 'AURELE', '2000-02-16', 2, '', null, null, null, null, 4, 'AHAI isolée', 'BI'),
(99, 'BENJAMIN', '1998-01-12', 2, 'non', 36, 2400, 45, 31, 20, 'AHAI isolée', 'BR'),
(100, 'LUCAS', '1990-01-16', 2, 'non', 37, 2400, null, null, 15, 'Evans', 'LA'),
(101, 'NAWEL', '1996-04-05', 2, 'non', 40, 3590, 50, 34, 21, 'AHAI isolée', 'VI'),
(102, 'LUCIEN', '1993-03-16', 1, 'non', 37, null, null, null, 17, 'AHAI isolée', 'GU'),
(103, 'LUCAS', '2002-10-02', 2, 'non', null, null, null, null, 9, 'Evans', 'DU'),
(104, 'MICKAEL', '1999-11-18', 1, 'non', null, null, null, null, 21, 'AHAI isolée', 'KO'),
(105, 'LORENZO', '2003-08-19', 1, 'non', null, null, null, null, 8, 'AHAI isolée', 'GR'),
(106, 'ILONA', '1998-08-29', 2, '', null, null, null, null, 12, 'AHAI isolée', 'DJ'),
(107, 'CONSTANTIN', '1992-08-29', 1, 'non', null, null, null, null, 21, 'AHAI isolée', 'PA'),
(108, 'SAMY', '2000-05-29', 1, 'non', null, null, null, null, 21, 'AHAI isolée', 'SO'),
(109, 'PHILIPPE', '1986-09-26', 2, 'non', 37, 3300, 49, 34, 21, 'AHAI isolée', 'CH'),
(110, 'MARIE', '1992-03-07', 2, 'non', null, null, null, null, 10, 'Evans', 'HO'),
(111, 'WILLIAM', '1999-05-21', 2, '', null, null, null, null, 21, 'Evans', 'RU'),
(112, 'LAURE-ANNE', '1994-09-25', 2, '', null, null, null, null, 1, 'AHAI isolée', 'QU'),
(113, 'GABRIEL', '1998-06-22', 2, 'non', 38, 2620, null, null, 15, 'Evans', 'LE'),
(114, 'ARTHUR', '1986-08-05', 1, 'non', null, null, null, null, 21, 'Evans', 'VA'),
(115, 'MARIANNE', '1994-10-18', 2, '', 37, 2790, null, null, 4, 'Evans', 'BA'),
(116, 'ERIC', '1986-04-24', 1, 'non', null, null, null, null, 17, 'AHAI isolée', 'MA'),
(117, 'INES', '2005-01-18', 1, 'non', 39, 3210, 50, 33, 21, 'AHAI isolée', 'FA'),
(118, 'HANANE', '1990-04-23', 1, '', null, null, null, null, 16, 'AHAI isolée', 'VA'),
(119, 'ALAIN', '1996-04-20', 1, '', 35, 1580, null, null, 20, 'AHAI isolée', 'MA'),
(120, 'NAJIB', null, 1, '', null, null, null, null, 18, 'AHAI isolée', 'CA'),
(121, 'ANTOINE', '2001-08-28', 1, 'non', 36, 1700, 43, 31, 28, 'AHAI isolée', 'WI'),
(122, 'BERNARD', '1998-08-04', 2, 'non', 35, 2340, 45, 32, 17, 'AHAI isolée', 'JE'),
(123, 'MONIQUE', '1999-03-17', 2, 'non', null, null, null, null, 21, 'AHAI isolée', 'HI'),
(124, 'JEANNE', '2004-05-20', 1, 'non', 40, 3450, 50, 34, 15, 'Evans', 'MO'),
(125, 'GUY', '2002-01-10', 2, '', null, null, null, null, 21, 'AHAI isolée', 'DA'),
(126, 'CLAUDE', '1984-10-04', 2, 'non', null, null, null, null, 12, 'Evans', 'TR'),
(127, 'MARIE-CHRI', '1990-07-24', 1, 'non', 38, 3420, 49, 34, 9, 'Evans', 'DE'),
(128, 'MARIE', '1989-08-15', 1, 'non', 37, 3700, 53, null, 9, 'Evans', 'PE'),
(129, 'HENRI', '1993-11-02', 2, 'non', null, null, null, null, 4, 'AHAI isolée', 'BA'),
(130, 'FRANCIS', '2001-11-14', 2, 'non', 38, 3210, 50, 34, 11, 'AHAI isolée', 'GA'),
(131, 'LUCETTE', '2001-11-13', 1, 'non', 37, 3080, null, null, 21, 'AHAI isolée', 'LA'),
(132, 'ROBERT', '2007-11-01', 2, 'non', null, null, null, null, 3, 'Evans', 'LE'),
(133, 'NATHALIE', '1997-07-06', 1, 'non', null, null, null, null, 12, 'AHAI isolée', 'JO'),
(134, 'BAGWANDUTH', '1993-02-07', 2, 'non', null, null, null, null, 26, 'Evans', 'GU'),
(135, 'RAYMONDE', '1997-06-13', 1, 'non', null, null, null, null, 19, 'AHAI isolée', 'GO'),
(136, 'ANDREE', '2004-08-23', 2, 'non', 37, 3500, null, null, 21, 'AHAI isolée', 'LE'),
(137, 'NICOLE', '1994-05-17', 1, '', null, null, null, null, 21, 'Evans', 'TU'),
(138, 'NOEL', '1999-07-17', 1, 'non', 35, 2260, 47, 32, 21, 'AHAI isolée', 'RE'),
(139, 'FREDERIC', '1998-11-02', 2, 'non', null, null, null, null, 14, 'AHAI isolée', 'SA'),
(140, 'MARIE', '1990-08-02', 1, 'non', null, null, null, null, 4, 'Evans', 'CA'),
(141, 'PATRICIA', '1997-12-17', 1, 'non', 35, 2500, 47, 33, 9, 'Evans', 'RA'),
(142, 'MARIE-JOSE', '1995-01-11', 1, 'non', null, null, null, null, 21, 'AHAI isolée', 'JU'),
(143, 'MARIE-LAUR', '1998-09-19', 2, 'non', 39, 3720, 52, null, 28, 'Evans', 'RO'),
(144, 'ALAIN', '1989-11-15', 1, '', null, null, null, null, 27, 'AHAI isolée', 'LA'),
(145, 'PATRICIA', '1996-03-26', 2, 'non', 39, 4360, null, null, 19, 'AHAI isolée', 'ES'),
(146, 'MICHEL', '2006-12-09', 2, '', null, null, null, null, 7, 'AHAI isolée', 'RO'),
(147, 'FLORENCE', '2002-06-07', 1, 'non', 38, 3440, 47, 34, 21, 'AHAI isolée', 'RI'),
(148, 'JACQUES', '2002-06-07', 1, 'non', 38, 3500, 47, 35, 21, 'AHAI isolée', 'IR'),
(149, 'MICHELE', '2000-04-06', 2, 'non', 37, 3000, null, null, 15, 'AHAI isolée', 'VI'),
(150, 'MAURICE', '1992-04-23', 1, 'non', 34, 2520, null, null, 15, 'Evans', 'MA'),
(151, 'AURELA', '2004-06-21', 2, 'oui', 40, 3440, 51, 34, 9, 'AHAI isolée', 'CH'),
(152, 'GLADYS', '1992-10-28', 2, 'non', 39, 3360, 51, null, 20, 'AHAI isolée', 'TA'),
(153, 'RENEE', '2001-12-18', 1, 'non', 40, 2975, 45, 33, 10, 'AHAI isolée', 'CO'),
(154, 'ROSETTE', '1987-01-01', 2, '', null, null, null, null, 4, 'AHAI isolée', 'EY'),
(155, 'MICHEL', '1997-12-24', 1, 'non', 33, 2140, 43, 32, 17, 'AHAI isolée', 'ME'),
(156, 'LARBI', '2002-03-10', 1, 'non', 39, 3980, 51, 36, 17, 'AHAI isolée', 'LA'),
(157, 'HAFSIA', '2005-04-08', 1, '', null, null, null, null, 11, 'Evans', 'FR'),
(158, 'JESUSA', '1979-06-21', 1, 'oui', 37, 3370, 51, 34, 2, 'Evans', 'FO'),
(159, 'CHARLES', '1984-02-23', 2, 'oui', 40, 3550, 50, 34, 2, 'Evans', 'WE'),
(160, 'PHILIPPE', '1996-10-15', 2, 'non', null, null, null, null, 21, 'Evans', 'IB'),
(161, 'PHILIPPE', '1998-04-11', 1, '', null, null, null, null, 12, 'AHAI isolée', 'LA'),
(162, 'JEANNE', '2000-12-29', 1, '', null, null, null, null, 21, 'AHAI isolée', 'PE'),
(163, 'ALAIN', '1990-08-14', 2, 'non', 37, null, null, null, 4, 'Evans', 'GA'),
(164, 'HERVE', '1995-11-02', 1, 'oui', null, 5160, null, null, 11, 'Evans', 'IZ'),
(165, 'VERONIQUE', '2005-01-24', 1, 'non', 42, null, null, null, 21, 'AHAI isolée', 'CH'),
(166, 'NUMA', '2001-02-17', 1, 'non', null, null, null, null, 21, 'AHAI isolée', 'SA'),
(167, 'GERARD', '1989-02-01', 2, '', null, null, null, null, 18, 'AHAI isolée', 'CA'),
(168, 'GUY', '2007-08-29', 1, 'non', 39, 3180, 49, 34, 4, 'Evans', 'BA'),
(169, 'PATRICK', '1982-05-15', 1, '', null, null, null, null, 4, 'AHAI isolée', 'GL'),
(170, 'ANDRE', '1992-01-11', 1, 'non', 40, 3530, 50, 34, 21, 'Evans', 'PI'),
(171, 'LUCIENNE', '2002-11-06', 1, 'non', null, null, null, null, 4, 'AHAI isolée', 'PE'),
(172, 'DANIEL', '1993-03-15', 1, 'non', 37, 2580, null, null, 4, 'Evans', 'GA'),
(173, 'HIND', '2000-04-23', 1, 'non', null, null, null, null, 15, 'AHAI isolée', 'DA'),
(174, 'JEAN-PIERR', '1988-08-12', 1, '', null, null, null, null, 4, 'AHAI isolée', 'DE'),
(175, 'MARIANA', '1986-07-05', 1, 'non', 40, 3160, null, null, 21, 'AHAI isolée', 'MA'),
(176, 'AURELIE', '2000-06-16', 1, 'non', 39, 3510, null, null, 15, 'AHAI isolée', 'GU'),
(177, 'DENIS', '2005-12-19', 2, '', null, null, null, null, 21, 'AHAI isolée', 'MA'),
(178, 'MONIQUE', '1997-11-18', 2, 'non', null, null, null, null, 19, 'AHAI isolée', 'EC'),
(179, 'LUCIENNE', '2001-03-14', 2, 'non', 40, 2410, 47, 33, 24, 'AHAI isolée', 'BL'),
(180, 'DIDIER', '1989-01-05', 1, 'non', null, null, null, null, 20, 'AHAI isolée', 'LA'),
(181, 'MONIQUE', '1996-12-08', 2, 'non', null, null, null, null, 24, 'AHAI isolée', 'VA'),
(182, 'LILIANE', '1999-10-07', 2, 'non', 37, 3150, 49, 34, 29, 'AHAI isolée', 'CH'),
(183, 'ADRIEN', '2003-02-19', 2, 'non', null, null, null, null, 4, 'AHAI isolée', 'MO'),
(184, 'JOSETTE', '1994-08-20', 2, 'non', 39, 3740, 49, 34, 20, 'AHAI isolée', 'VI'),
(185, 'MICKAEL', '1998-07-14', 2, 'non', null, null, null, null, 17, 'AHAI isolée', 'PO'),
(186, 'MARGOT', '2005-05-11', 2, 'non', 37, 3550, 50, 36, 17, 'Evans', 'BU'),
(187, 'CORINE', '2002-11-17', 1, 'non', 37, 4130, 52, 37, 24, 'AHAI isolée', 'MA'),
(188, 'MARIE', '2001-11-06', 2, 'non', 41, 3800, 51, 35, 21, 'AHAI isolée', 'VE'),
(189, 'CARINE', '2005-06-28', 1, 'non', 41, 3940, 53, 35, 21, 'AHAI isolée', 'AU'),
(190, 'JACQUES', '2002-11-23', 1, 'oui', null, null, null, null, 21, 'Evans', 'CO'),
(191, 'LUCIEN', '1999-01-18', 2, '', 40, 2900, null, null, 11, 'AHAI isolée', 'BE'),
(192, 'MARIE-CHRI', '1992-06-25', 1, 'non', null, null, null, null, 21, 'AHAI isolée', 'BO'),
(193, 'JEAN-MARC', '1999-07-12', 2, '', null, null, null, null, 21, 'Evans', 'LE'),
(194, 'MARIA', '2000-09-15', 1, 'non', null, null, null, null, 21, 'Evans', 'AR'),
(195, 'BERNARD-PA', '1990-11-08', 1, 'non', 37, 4850, 55, 37, 25, 'Evans', 'VA'),
(196, 'PHILIPPE', '1984-08-04', 1, 'non', null, null, null, null, 12, 'Evans', 'FR'),
(197, 'JOSEPH', '1985-08-02', 2, 'non', null, null, null, null, 12, 'Evans', 'DU'),
(198, 'PIERRE', '1995-01-01', 1, 'non', 39, 3150, null, null, 11, 'AHAI isolée', 'BE'),
(199, 'PAULETTE', '1991-02-20', 2, 'non', null, null, null, null, 9, 'Evans', 'WI'),
(200, 'GILBERT', '2002-10-23', 1, 'non', 40, 2800, 48, 35, 17, 'AHAI isolée', 'CA'),
(201, 'LUCAS', '2002-07-04', 1, 'non', null, null, null, null, 4, 'AHAI isolée', 'IB'),
(202, 'ROLAND', '1989-06-15', 2, 'non', 40, 3620, null, null, 4, 'Evans', 'PI'),
(203, 'CHRISTIANE', '1989-04-22', 2, 'non', null, null, null, null, 8, 'Evans', 'AU'),
(204, 'AGNES', '1988-08-31', 1, 'non', null, null, null, null, 21, 'AHAI isolée', 'FR'),
(205, 'ALDINA', null, null, '', null, null, null, null, 1, '', 'TE'),
(206, 'DANIEL', '1996-09-20', 2, '', 41, null, null, null, 25, 'AHAI isolée', 'DA'),
(207, 'SIMONE', '1997-07-27', 2, '', null, null, null, null, 21, 'AHAI isolée', 'ST'),
(208, 'GILBERT', '1998-10-28', 1, '', null, null, null, null, 28, 'AHAI isolée', 'BE'),
(209, 'JOSETTE', '1998-07-13', 1, 'non', 40, null, null, null, 15, 'Evans', 'NA'),
(210, 'NICOLE', '1995-01-15', 1, '', null, null, null, null, 12, 'AHAI isolée', 'HA'),
(211, 'MARVIN', '1999-04-23', 1, 'non', null, null, null, null, 4, 'AHAI isolée', 'DE'),
(212, 'MONIQUE', '1999-05-26', 2, 'non', null, null, null, null, 21, 'AHAI isolée', 'JA'),
(213, 'JOCELYNE', '2005-05-27', 2, 'non', 38, 3490, 50, 34, 4, 'AHAI isolée', 'VI'),
(214, 'JEAN-CLAUD', '2000-05-31', 1, 'non', 37, 4200, null, null, 4, 'Evans', 'DA'),
(215, 'JOSETTE', '2005-11-04', 2, '', null, null, null, null, 21, 'AHAI isolée', 'CA'),
(216, 'ALAIN', '2006-02-15', 1, 'non', 37, 3000, 50, 34, 17, 'AHAI isolée', 'DU'),
(217, 'GEORGES', '1996-02-03', 1, 'non', 37, 2580, 49, 33, 24, 'AHAI isolée', 'AD'),
(218, 'MARYLIS', '2003-11-18', 2, 'non', null, null, null, null, 23, 'AHAI isolée', 'GI'),
(219, 'MARC', '1994-04-26', 2, '', null, null, null, null, 12, 'Evans', 'GA'),
(220, 'MICHELLE', '1993-03-18', 2, 'non', null, null, null, null, 18, 'Evans', 'PA'),
(221, 'LAURENT', '1987-06-12', 2, 'non', null, null, null, null, 23, 'Evans', 'SE'),
(222, 'ANDREE', '2002-07-16', 2, '', null, null, null, null, 27, 'AHAI isolée', 'LA'),
(223, 'LAURENT', '2000-08-15', 1, 'non', null, null, null, null, 21, 'Evans', 'GU'),
(224, 'SANDRINE', '1996-09-26', 1, '', null, null, null, null, 21, 'AHAI isolée', 'SI'),
(225, 'KARINE', '2004-01-01', 2, 'non', 37, 4260, 51, null, 11, 'AHAI isolée', 'RO'),
(226, 'ODETTE', '2004-06-29', 1, '', null, null, null, null, 20, 'AHAI isolée', 'BE'),
(227, 'FRANCOISE', '2003-09-20', 1, '', null, null, null, null, 12, 'AHAI isolée', 'TA'),
(228, 'GERARD', '1991-10-04', 2, 'non', null, null, null, null, 21, 'AHAI isolée', 'RA'),
(229, 'JEAN-MARIE', null, 1, '', null, null, null, null, 22, 'Evans', 'LA'),
(230, 'MICHELE', '2005-06-27', 2, 'non', null, null, null, null, 27, 'AHAI isolée', 'SI'),
(231, 'ALAIN', '1985-03-28', 1, '', null, null, null, null, 4, 'AHAI isolée', 'MA'),
(232, 'MICHELLE', '1996-09-11', 2, 'oui', null, null, null, null, 11, 'AHAI isolée', 'DE'),
(233, 'ROGER', '2002-05-07', 1, '', null, null, null, null, 12, 'AHAI isolée', 'MO'),
(234, 'GUY', null, 2, '', null, null, null, null, 20, 'AHAI isolée', 'IN'),
(235, 'JEAN-DOMIN', '1988-07-25', 2, 'non', null, null, null, null, 17, 'Evans', 'DU'),
(236, 'ANDRE', '1992-03-11', 2, '', null, null, null, null, 25, 'Evans', 'AR'),
(237, 'ANDRE', '1995-02-10', 2, 'non', null, null, null, null, 21, 'AHAI isolée', 'EL'),
(238, 'MICHEL', '1998-09-07', 2, 'non', null, null, null, null, 20, 'AHAI isolée', 'VA'),
(239, 'PAUL', '1997-08-10', 1, 'non', 41, 3050, 48, 34, 4, 'Evans', 'BR'),
(240, 'LOUISE', '1999-09-21', 2, 'non', 37, 4100, null, null, 28, 'AHAI isolée', 'GU'),
(241, 'JEAN-CHRIS', '1990-09-14', 2, 'non', null, null, null, null, 21, 'Evans', 'TR'),
(242, 'BERNADETTE', '1991-12-01', 1, '', null, null, null, null, 20, 'AHAI isolée', 'LE'),
(243, 'GABRIEL', '1990-08-01', 2, 'non', null, null, null, null, 28, 'AHAI isolée', 'LA'),
(244, 'ROGER', '2002-09-18', 2, 'non', 37, 2290, 46, 33, 23, 'AHAI isolée', 'DU'),
(245, 'MURIELLE', '2002-10-17', 1, 'non', 37, 2500, null, null, 26, 'AHAI isolée', 'BA'),
(246, 'ALAIN', '1992-04-10', 1, 'non', 39, 3200, 50, null, 27, 'Evans', 'SY'),
(247, 'BERNARD', '1994-04-21', 1, '', null, null, null, null, 4, 'AHAI isolée', 'DA'),
(248, 'MARIE', '1984-06-11', 2, 'non', null, null, null, null, 21, 'AHAI isolée', 'GR'),
(249, 'CHRISTIAN', '1982-04-17', 2, 'non', null, null, null, null, 20, 'AHAI isolée', 'LE'),
(250, 'MARIE-LOUI', '1991-05-28', 1, 'non', 37, 3400, 51, null, 28, 'AHAI isolée', 'RI'),
(251, 'ABDALLAH', '1992-08-08', 1, '', null, null, null, null, 26, 'AHAI isolée', 'GU'),
(252, 'ANNE-LUCIE', '1996-02-04', 1, 'non', 37, 3350, 48, 35, 8, 'AHAI isolée', 'MA'),
(253, 'LARBI', '1984-06-10', 1, '', null, null, null, null, 21, 'AHAI isolée', 'PE'),
(254, 'GABRIELLE', '1984-02-27', 2, 'non', null, null, null, null, 8, 'Evans', 'HE'),
(255, 'RAYMONDE', '2005-10-06', 1, 'non', 36, 2350, 45, 32, 10, 'AHAI isolée', 'ME'),
(256, 'CLAUDE', '1992-12-20', 2, 'non', 41, 4100, 50, 36, 9, 'Evans', 'RO'),
(257, 'YVETTE', '1993-12-05', 2, 'non', null, null, null, null, 18, 'Evans', 'LI'),
(258, 'ELISABETH', '1988-03-25', 1, 'non', null, null, null, null, 21, 'Evans', 'MO'),
(259, 'GILBERTE', '1995-08-12', 1, '', null, null, null, null, 16, 'AHAI isolée', 'TA'),
(260, 'JACQUES', '1993-06-06', 1, 'non', null, null, null, null, 18, 'Evans', 'TR'),
(261, 'ROGER', '2000-11-12', 1, 'non', 37, 3510, 51, 35, 18, 'Evans', 'TU'),
(262, 'JEAN', '2002-11-08', 1, '', null, null, null, null, 21, 'AHAI isolée', 'ES'),
(263, 'PATRICK', '2002-07-05', 2, 'non', null, null, null, null, 12, 'Evans', 'DU'),
(264, 'JEAN', '1993-07-24', 1, 'non', 37, 3770, null, null, 28, 'Evans', 'GI'),
(265, 'SERGE', null, 2, '', null, null, null, null, 13, 'AHAI isolée', 'MA'),
(266, 'GEORGETTE', '1995-08-06', 2, '', null, null, null, null, 4, 'AHAI isolée', 'BR'),
(267, 'JOSIANE', '1990-08-13', 1, 'non', 39, 3430, 52, 34, 20, 'Evans', 'BE'),
(268, 'NICOLE', null, null, '', null, null, null, null, 21, '', 'LA'),
(269, 'PHILIPPE', '1987-02-12', 2, 'non', null, null, null, null, 15, 'Evans', 'AR'),
(270, 'MONIQUE', '1989-06-20', 1, 'non', null, null, null, null, 26, 'AHAI isolée', 'TI'),
(271, 'FRANCOISE', '2001-01-08', 1, 'non', 39, 3300, 51, 35, 10, 'Evans', 'MA'),
(272, 'NATHALIE', '2000-06-23', 1, 'non', 35, 2795, 48, 30, 21, 'AHAI isolée', 'RA'),
(273, 'JACQUELINE', '2004-01-21', 1, 'non', null, null, null, null, 12, 'Evans', 'DA'),
(274, 'CELINE', '1993-09-09', 2, 'non', null, null, null, null, 25, 'Evans', 'DA'),
(275, 'JAN-PETER', '2006-02-01', 1, 'non', 38, 3470, 50, null, 15, 'AHAI isolée', 'DE'),
(276, 'DIDIER', '1982-07-08', 1, 'non', 37, 3700, 51, null, 11, 'Evans', 'HE'),
(277, 'ROGER', '1999-03-03', 1, 'non', 37, 2700, 47, 35, 29, 'AHAI isolée', 'LE'),
(278, 'JEANNINE', '1990-04-25', 1, '', null, null, null, null, 18, 'AHAI isolée', 'PR'),
(279, 'SYLVIANE', '1997-06-26', 2, 'non', 35, 2900, 48, 32, 17, 'AHAI isolée', 'CA'),
(280, 'MARIE-THER', null, 2, '', null, null, null, null, 13, 'AHAI isolée', 'FI'),
(281, 'PIERRE', '1998-03-22', 1, '', null, null, null, null, 12, 'AHAI isolée', 'GI'),
(282, 'GEORGETTE', '2004-11-14', 2, 'non', 41, 3640, 50, 35, 21, 'AHAI isolée', 'NE'),
(283, 'ANNE-LAURI', '1997-11-20', 1, 'non', null, null, null, null, 19, 'Evans', 'LO'),
(284, 'SOLANGE', '2003-05-15', 2, '', 37, 2860, null, null, 4, 'AHAI isolée', 'FA'),
(285, 'RACHEL', '2002-02-10', 1, '', null, null, null, null, 4, 'AHAI isolée', 'TR'),
(286, 'PHILIPPE', '1998-08-15', 1, 'non', 37, 2810, 47, 34, 21, 'AHAI isolée', 'BL'),
(287, 'JOAQUIM', '1997-12-10', 1, 'non', 37, 3450, 48, 36, 21, 'AHAI isolée', 'SO'),
(288, 'MONIQUE', '2000-11-17', 1, '', null, null, null, null, 16, 'AHAI isolée', 'RO'),
(289, 'CHRISTIAN', '1998-02-10', 1, 'non', 41, 3750, 52, 37, 19, 'Evans', 'PA'),
(290, 'FLORENCE', '2002-06-20', 1, 'non', null, null, null, null, 4, 'AHAI isolée', 'LE'),
(291, 'ALAIN', '1994-07-02', 1, 'non', 35, null, null, null, 21, 'AHAI isolée', 'BA'),
(292, 'CORINNE', '1994-05-15', 1, 'non', 38, 2950, 48, 33, 21, 'Evans', 'DR'),
(293, 'CLAUDE', '1986-11-21', 2, 'non', null, null, null, null, 12, 'Evans', 'LA'),
(294, 'OLIVIER', '1993-04-30', 1, 'non', null, null, null, null, 11, 'AHAI isolée', 'LI'),
(295, 'FRANCOIS', '2006-08-01', 1, 'non', null, null, null, null, 11, 'AHAI isolée', 'DU'),
(296, 'ANDRE', '1994-06-06', 1, 'non', 39, null, null, null, 5, 'Evans', 'LH'),
(297, 'ROLAND', '1984-10-16', 2, 'non', 41, 3600, 50, 35, 21, 'AHAI isolée', 'LA'),
(298, 'JEAN-FRANC', '2003-07-17', 1, 'non', 39, 3480, 50, 34, 17, 'AHAI isolée', 'DU'),
(299, 'RENE', '1993-01-14', 1, '', null, null, null, null, 16, 'AHAI isolée', 'TH'),
(300, 'ALAIN', '2005-08-28', 1, '', 37, 3280, 50, 33, 24, 'AHAI isolée', 'LU'),
(301, 'JEAN-MARIE', '1990-02-13', 1, 'non', 37, 3830, 51, null, 4, 'Evans', 'FR'),
(302, 'CHRISTIAN', '1993-10-18', 2, 'non', null, null, null, null, 21, 'Evans', 'FE'),
(303, 'MARIE-CLAI', '1993-05-31', 2, 'non', 37, 3000, 48, null, 2, 'Evans', 'DI');

-- --------------------------------------------------------


--
-- Déchargement des données de la table `rel_patient_biologie`
--

INSERT INTO `rel_patient_biologie` (`NUMPAT`, `DATEXAM`, `NUMEXAM`, `RES`) VALUES
(1, '1990-04-25', 1, '5,9'),
(1, '1990-04-25', 2, '2200'),
(1, '1990-04-25', 3, '190000'),
(1, '1990-04-25', 5, '146000'),
(1, '2006-10-02', 1, '0'),
(1, '2006-10-02', 2, '21900'),
(1, '2006-10-02', 3, '571000'),
(1, '2006-10-02', 5, '161900'),
(2, '2002-02-25', 1, '13,8'),
(2, '2002-02-25', 2, '6770'),
(2, '2002-02-25', 3, '84000'),
(2, '2002-02-25', 4, '2979'),
(2, '2002-02-25', 6, '3114'),
(2, '2004-06-28', 1, '3'),
(2, '2004-06-28', 2, '55400'),
(2, '2004-06-28', 3, '596000'),
(2, '2004-06-28', 4, '11013'),
(2, '2004-06-28', 6, '22058'),
(3, '1992-06-01', 1, '8'),
(3, '1992-06-01', 2, '8000'),
(3, '1992-06-01', 3, '90000'),
(3, '1992-06-01', 6, '4000'),
(3, '2006-10-11', 1, '2'),
(3, '2006-10-11', 2, '52100'),
(3, '2006-10-11', 3, '388000'),
(3, '2006-10-11', 6, '25340'),
(4, '2005-03-03', 1, '5,1'),
(4, '2005-03-03', 2, '26000'),
(4, '2005-03-03', 3, '720000'),
(4, '2005-09-26', 1, '7'),
(4, '2005-09-26', 2, '32400'),
(4, '2005-09-26', 3, '162000'),
(5, '1999-02-05', 1, '4,7'),
(5, '1999-02-05', 2, '10400'),
(5, '1999-02-05', 3, '289000'),
(5, '1999-02-05', 4, '4160'),
(5, '1999-02-05', 5, '197000'),
(5, '1999-02-05', 6, '4600'),
(5, '2008-10-17', 1, '7'),
(5, '2008-10-17', 2, '4100'),
(5, '2008-10-17', 3, '687000'),
(5, '2008-10-17', 4, '8212'),
(5, '2008-10-17', 5, '855900'),
(5, '2008-10-17', 6, '4285'),
(6, '2003-06-23', 1, '7,2'),
(6, '2003-06-23', 3, '350000'),
(6, '2003-06-23', 5, '80000'),
(6, '2004-04-05', 1, '11'),
(6, '2004-04-05', 3, '2000'),
(6, '2004-04-05', 5, '409900'),
(7, '1998-06-14', 1, '5,3'),
(7, '1998-06-14', 2, '3100'),
(7, '1998-06-14', 3, '162000'),
(7, '1998-06-14', 5, '276000'),
(7, '1998-06-14', 6, '2914'),
(7, '2008-01-14', 1, '12'),
(7, '2008-01-14', 2, '3600'),
(7, '2008-01-14', 3, '215000'),
(7, '2008-01-14', 5, '368300'),
(7, '2008-01-14', 6, '8296'),
(8, '2004-10-07', 1, '3,3'),
(8, '2004-10-07', 2, '9100'),
(8, '2004-10-07', 3, '353000'),
(8, '2004-10-07', 5, '139000'),
(8, '2007-10-24', 1, '13'),
(8, '2007-10-24', 2, '47800'),
(8, '2007-10-24', 3, '979000'),
(8, '2007-10-24', 5, '252200'),
(9, '2007-05-23', 1, '5,5'),
(9, '2007-05-23', 2, '7100'),
(9, '2007-05-23', 3, '300000'),
(9, '2007-05-23', 5, '26800'),
(9, '2007-09-27', 1, '12'),
(9, '2007-09-27', 2, '47600'),
(9, '2007-09-27', 3, '552000'),
(9, '2007-09-27', 5, '425900'),
(10, '2001-05-10', 1, '10,9'),
(10, '2001-05-10', 2, '8100'),
(10, '2001-05-10', 3, '65000'),
(10, '2001-05-10', 5, '329000'),
(10, '2001-05-10', 6, '1701'),
(10, '2008-10-27', 1, '0'),
(10, '2008-10-27', 2, '25000'),
(10, '2008-10-27', 3, '678000'),
(10, '2008-10-27', 5, '637700'),
(10, '2008-10-27', 6, '4923'),
(11, '1997-05-03', 1, '5,3'),
(11, '1997-05-03', 2, '31000'),
(11, '1997-05-03', 3, '447000'),
(11, '1997-05-03', 5, '546090'),
(11, '1997-05-03', 6, '12510'),
(11, '2008-06-13', 1, '5'),
(11, '2008-06-13', 2, '55800'),
(11, '2008-06-13', 3, '928000'),
(11, '2008-06-13', 5, '439500'),
(11, '2008-06-13', 6, '4868'),
(12, '1999-06-21', 1, '7'),
(12, '1999-06-21', 2, '7700'),
(12, '1999-06-21', 3, '421000'),
(12, '1999-06-21', 4, '1294'),
(12, '1999-06-21', 5, '380466'),
(12, '1999-06-21', 6, '5567'),
(12, '2007-02-21', 1, '1'),
(12, '2007-02-21', 2, '53200'),
(12, '2007-02-21', 3, '1037000'),
(12, '2007-02-21', 4, '7307'),
(12, '2007-02-21', 5, '592900'),
(12, '2007-02-21', 6, '4228'),
(13, '2004-01-15', 1, '7,8'),
(13, '2004-01-15', 5, '313000'),
(13, '2008-10-29', 1, '2'),
(13, '2008-10-29', 5, '520200'),
(14, '1999-09-14', 1, '4,2'),
(14, '1999-09-14', 2, '34900'),
(14, '1999-09-14', 3, '379000'),
(14, '1999-09-14', 4, '7329'),
(14, '1999-09-14', 5, '148000'),
(14, '1999-09-14', 6, '26175'),
(14, '2005-10-18', 1, '3'),
(14, '2005-10-18', 2, '16000'),
(14, '2005-10-18', 3, '693000'),
(14, '2005-10-18', 4, '14746'),
(14, '2005-10-18', 5, '411400'),
(14, '2005-10-18', 6, '4862'),
(15, '1998-04-17', 1, '5,3'),
(15, '1998-04-17', 2, '21000'),
(15, '1998-04-17', 3, '100000'),
(15, '1998-04-17', 4, '5880'),
(15, '1998-04-17', 5, '56000'),
(15, '1998-04-17', 6, '13020'),
(15, '2004-07-05', 1, '11'),
(15, '2004-07-05', 2, '53300'),
(15, '2004-07-05', 3, '708000'),
(15, '2004-07-05', 4, '14471'),
(15, '2004-07-05', 5, '392700'),
(15, '2004-07-05', 6, '9906'),
(16, '2000-05-23', 1, '8'),
(16, '2000-05-23', 3, '130000'),
(16, '2000-05-23', 5, '109000'),
(16, '2000-05-23', 6, '1580'),
(16, '2001-12-17', 1, '2'),
(16, '2001-12-17', 3, '1024000'),
(16, '2001-12-17', 5, '810400'),
(16, '2001-12-17', 6, '4421'),
(17, '1992-07-17', 1, '7'),
(17, '1992-07-17', 3, '347000'),
(17, '1992-07-17', 5, '220000'),
(17, '1992-07-17', 6, '5700'),
(17, '1992-09-06', 1, '12'),
(17, '1992-09-06', 3, '1047000'),
(17, '1992-09-06', 5, '818800'),
(17, '1992-09-06', 6, '12144'),
(18, '1999-04-28', 1, '4'),
(18, '1999-04-28', 2, '4300'),
(18, '1999-04-28', 3, '137000'),
(18, '1999-04-28', 4, '3612'),
(18, '1999-04-28', 5, '386000'),
(18, '1999-04-28', 6, '430'),
(18, '2008-10-29', 1, '3'),
(18, '2008-10-29', 2, '37100'),
(18, '2008-10-29', 3, '405000'),
(18, '2008-10-29', 4, '6461'),
(18, '2008-10-29', 5, '706800'),
(18, '2008-10-29', 6, '23099'),
(19, '2007-10-24', 1, '4,8'),
(19, '2007-10-24', 2, '5600'),
(19, '2007-10-24', 3, '325000'),
(19, '2007-10-24', 4, '1700'),
(19, '2007-10-24', 5, '196000'),
(19, '2007-10-24', 6, '4100'),
(19, '2008-10-15', 1, '7'),
(19, '2008-10-15', 2, '52100'),
(19, '2008-10-15', 3, '569000'),
(19, '2008-10-15', 4, '9938'),
(19, '2008-10-15', 5, '373800'),
(19, '2008-10-15', 6, '1265'),
(20, '2005-10-13', 1, '10,3'),
(20, '2008-09-03', 1, '5'),
(21, '2004-02-06', 1, '7,2'),
(21, '2004-02-06', 2, '15700'),
(21, '2004-02-06', 3, '990000'),
(21, '2004-02-06', 4, '10990'),
(21, '2004-02-06', 5, '229000'),
(21, '2004-02-06', 6, '4500'),
(21, '2007-12-11', 1, '12'),
(21, '2007-12-11', 2, '56200'),
(21, '2007-12-11', 3, '155000'),
(21, '2007-12-11', 4, '7228'),
(21, '2007-12-11', 5, '920500'),
(21, '2007-12-11', 6, '27968'),
(22, '2005-12-22', 1, '6'),
(22, '2005-12-22', 2, '6400'),
(22, '2005-12-22', 3, '291000'),
(22, '2005-12-22', 5, '71000'),
(22, '2007-12-19', 1, '4'),
(22, '2007-12-19', 2, '7500'),
(22, '2007-12-19', 3, '65000'),
(22, '2007-12-19', 5, '894300'),
(23, '2000-09-23', 1, '6,2'),
(23, '2000-09-23', 2, '4700'),
(23, '2000-09-23', 3, '391000'),
(23, '2000-09-23', 4, '1175'),
(23, '2000-09-23', 5, '4480'),
(23, '2000-09-23', 6, '2820'),
(23, '2008-08-28', 1, '8'),
(23, '2008-08-28', 2, '2100'),
(23, '2008-08-28', 3, '891000'),
(23, '2008-08-28', 4, '3991'),
(23, '2008-08-28', 5, '624700'),
(23, '2008-08-28', 6, '26886'),
(24, '1996-02-28', 1, '2,2'),
(24, '1996-02-28', 5, '112000'),
(24, '2007-01-05', 1, '13'),
(24, '2007-01-05', 5, '40800'),
(25, '1993-09-30', 1, '4,4'),
(25, '1993-09-30', 2, '29000'),
(25, '1993-09-30', 3, '573000'),
(25, '1993-09-30', 4, '15950'),
(25, '1993-09-30', 5, '59700'),
(25, '1993-09-30', 6, '5510'),
(25, '2004-05-14', 1, '12'),
(25, '2004-05-14', 2, '36500'),
(25, '2004-05-14', 3, '50000'),
(25, '2004-05-14', 4, '8369'),
(25, '2004-05-14', 5, '854400'),
(25, '2004-05-14', 6, '16852'),
(26, '2005-09-26', 1, '7,5'),
(26, '2005-09-26', 2, '5890'),
(26, '2005-09-26', 3, '409000'),
(26, '2005-09-26', 4, '4120'),
(26, '2005-09-26', 5, '91000'),
(26, '2005-09-26', 6, '1240'),
(26, '2006-06-07', 1, '12'),
(26, '2006-06-07', 2, '41500'),
(26, '2006-06-07', 3, '315000'),
(26, '2006-06-07', 4, '17894'),
(26, '2006-06-07', 5, '781200'),
(26, '2006-06-07', 6, '25753'),
(27, '1997-01-25', 1, '10,7'),
(27, '1997-01-25', 2, '14900'),
(27, '1997-01-25', 3, '5000'),
(27, '1997-01-25', 5, '56000'),
(27, '1998-01-20', 1, '4'),
(27, '1998-01-20', 2, '37500'),
(27, '1998-01-20', 3, '856000'),
(27, '1998-01-20', 5, '808200'),
(28, '1991-11-18', 1, '3,8'),
(28, '1993-05-12', 1, '2'),
(29, '1999-06-11', 1, '5'),
(29, '1999-06-11', 2, '3500'),
(29, '1999-06-11', 3, '212000'),
(29, '1999-06-11', 4, '2380'),
(29, '1999-06-11', 5, '68000'),
(29, '1999-06-11', 6, '595'),
(29, '2008-07-01', 1, '9'),
(29, '2008-07-01', 2, '13300'),
(29, '2008-07-01', 3, '378000'),
(29, '2008-07-01', 4, '15023'),
(29, '2008-07-01', 5, '216400'),
(29, '2008-07-01', 6, '8005'),
(30, '2005-01-09', 1, '7,9'),
(30, '2005-01-09', 2, '6600'),
(30, '2005-01-09', 3, '138000'),
(30, '2005-01-09', 4, '1591'),
(30, '2005-01-09', 5, '6000'),
(30, '2005-01-09', 6, '4244'),
(30, '2008-06-01', 1, '10'),
(30, '2008-06-01', 2, '47700'),
(30, '2008-06-01', 3, '70000'),
(30, '2008-06-01', 4, '17345'),
(30, '2008-06-01', 5, '279900'),
(30, '2008-06-01', 6, '4216'),
(31, '1998-10-21', 1, '6,4'),
(31, '1998-10-21', 3, '632000'),
(31, '1998-10-21', 5, '77040'),
(31, '1998-10-21', 6, '26400'),
(31, '1999-10-12', 1, '0'),
(31, '1999-10-12', 3, '759000'),
(31, '1999-10-12', 5, '956600'),
(31, '1999-10-12', 6, '11751'),
(32, '2006-07-27', 1, '2,6'),
(32, '2006-07-27', 2, '16540'),
(32, '2006-07-27', 3, '11000'),
(32, '2006-07-27', 4, '9760'),
(32, '2006-07-27', 5, '119000'),
(32, '2006-07-27', 6, '5470'),
(32, '2008-03-18', 1, '11'),
(32, '2008-03-18', 2, '17500'),
(32, '2008-03-18', 3, '870000'),
(32, '2008-03-18', 4, '9744'),
(32, '2008-03-18', 5, '656300'),
(32, '2008-03-18', 6, '10891'),
(33, '1995-07-26', 1, '7,1'),
(33, '1995-07-26', 2, '2200'),
(33, '1995-07-26', 3, '49000'),
(33, '1995-07-26', 4, '1430'),
(33, '1995-07-26', 5, '473000'),
(33, '1995-07-26', 6, '352'),
(33, '2006-12-18', 1, '2'),
(33, '2006-12-18', 2, '52700'),
(33, '2006-12-18', 3, '429000'),
(33, '2006-12-18', 4, '6832'),
(33, '2006-12-18', 5, '931200'),
(33, '2006-12-18', 6, '19801'),
(34, '1998-07-18', 1, '4,3'),
(34, '1998-07-18', 5, '90000'),
(34, '2004-07-29', 1, '13'),
(34, '2004-07-29', 5, '701000'),
(35, '2002-05-31', 1, '6,8'),
(35, '2002-05-31', 2, '7700'),
(35, '2002-05-31', 3, '95000'),
(35, '2002-05-31', 4, '1920'),
(35, '2002-05-31', 5, '51000'),
(35, '2002-05-31', 6, '4930'),
(35, '2007-11-04', 1, '1'),
(35, '2007-11-04', 2, '17800'),
(35, '2007-11-04', 3, '613000'),
(35, '2007-11-04', 4, '408'),
(35, '2007-11-04', 5, '46200'),
(35, '2007-11-04', 6, '23417'),
(36, '2003-01-02', 1, '5,4'),
(36, '2003-01-02', 2, '22600'),
(36, '2003-01-02', 3, '31000'),
(36, '2003-01-02', 4, '4520'),
(36, '2003-01-02', 5, '40000'),
(36, '2003-01-02', 6, '15140'),
(36, '2004-05-19', 1, '6'),
(36, '2004-05-19', 2, '12600'),
(36, '2004-05-19', 3, '587000'),
(36, '2004-05-19', 4, '10196'),
(36, '2004-05-19', 5, '599300'),
(36, '2004-05-19', 6, '6496'),
(37, '2000-05-13', 1, '7,1'),
(37, '2000-05-13', 2, '6430'),
(37, '2000-05-13', 3, '195000'),
(37, '2000-05-13', 5, '220000'),
(37, '2001-02-15', 1, '5'),
(37, '2001-02-15', 2, '8800'),
(37, '2001-02-15', 3, '280000'),
(37, '2001-02-15', 5, '639100'),
(39, '2004-05-24', 1, '9,9'),
(39, '2004-05-24', 2, '7200'),
(39, '2004-05-24', 3, '84000'),
(39, '2004-05-24', 6, '5400'),
(39, '2007-10-16', 1, '13'),
(39, '2007-10-16', 2, '31200'),
(39, '2007-10-16', 3, '540000'),
(39, '2007-10-16', 6, '14577'),
(40, '1996-11-27', 1, '4'),
(40, '1996-11-27', 2, '5000'),
(40, '1996-11-27', 3, '77000'),
(40, '1996-11-27', 5, '57000'),
(40, '1996-11-27', 6, '2100'),
(40, '2007-06-26', 1, '4'),
(40, '2007-06-26', 2, '19700'),
(40, '2007-06-26', 3, '99000'),
(40, '2007-06-26', 5, '144900'),
(40, '2007-06-26', 6, '16004'),
(41, '2007-01-11', 1, '8,8'),
(41, '2007-01-11', 2, '8250'),
(41, '2007-01-11', 3, '509000'),
(41, '2007-01-11', 4, '2063'),
(41, '2007-01-11', 5, '65601'),
(41, '2007-01-11', 6, '5371'),
(41, '2007-10-25', 1, '0'),
(41, '2007-10-25', 2, '50500'),
(41, '2007-10-25', 3, '437000'),
(41, '2007-10-25', 4, '11390'),
(41, '2007-10-25', 5, '707400'),
(41, '2007-10-25', 6, '9558'),
(42, '1995-10-04', 1, '3,9'),
(42, '1995-10-04', 3, '176000'),
(42, '1995-10-04', 5, '500000'),
(42, '1995-10-04', 6, '6500'),
(42, '1996-07-29', 1, '13'),
(42, '1996-07-29', 3, '319000'),
(42, '1996-07-29', 5, '675700'),
(42, '1996-07-29', 6, '20062'),
(43, '1991-09-16', 1, '7,6'),
(43, '1991-09-16', 3, '216000'),
(43, '1991-09-16', 5, '250000'),
(43, '1991-09-16', 6, '2000'),
(43, '1994-12-05', 1, '11'),
(43, '1994-12-05', 3, '751000'),
(43, '1994-12-05', 5, '494500'),
(43, '1994-12-05', 6, '20885'),
(44, '2000-01-26', 1, '6,3'),
(44, '2000-01-26', 3, '153000'),
(44, '2000-01-26', 5, '334000'),
(44, '2000-01-26', 6, '8000'),
(44, '2000-05-10', 1, '6'),
(44, '2000-05-10', 3, '1084000'),
(44, '2000-05-10', 5, '700800'),
(44, '2000-05-10', 6, '17129'),
(45, '2006-11-29', 1, '5,9'),
(45, '2006-11-29', 3, '82000'),
(45, '2006-11-29', 4, '1040'),
(45, '2006-11-29', 5, '46000'),
(45, '2006-11-29', 6, '2450'),
(45, '2007-07-10', 1, '13'),
(45, '2007-07-10', 3, '1051000'),
(45, '2007-07-10', 4, '12596'),
(45, '2007-07-10', 5, '867500'),
(45, '2007-07-10', 6, '5592'),
(47, '2004-06-09', 1, '3,5'),
(47, '2004-06-09', 2, '28030'),
(47, '2004-06-09', 3, '633000'),
(47, '2004-06-09', 5, '3422'),
(47, '2004-09-09', 1, '9'),
(47, '2004-09-09', 2, '20100'),
(47, '2004-09-09', 3, '9000'),
(47, '2004-09-09', 5, '443600'),
(48, '1998-12-01', 1, '5,7'),
(48, '1998-12-01', 2, '14500'),
(48, '1998-12-01', 3, '372000'),
(48, '1998-12-01', 4, '5510'),
(48, '1998-12-01', 5, '200000'),
(48, '1998-12-01', 6, '8700'),
(48, '2003-11-26', 1, '13'),
(48, '2003-11-26', 2, '54900'),
(48, '2003-11-26', 3, '1092000'),
(48, '2003-11-26', 4, '8054'),
(48, '2003-11-26', 5, '145100'),
(48, '2003-11-26', 6, '24008'),
(49, '2005-12-22', 1, '6'),
(49, '2005-12-22', 2, '2460'),
(49, '2005-12-22', 3, '123000'),
(49, '2005-12-22', 4, '640'),
(49, '2005-12-22', 5, '528000'),
(49, '2005-12-22', 6, '1480'),
(49, '2008-07-25', 1, '4'),
(49, '2008-07-25', 2, '32100'),
(49, '2008-07-25', 3, '730000'),
(49, '2008-07-25', 4, '3214'),
(49, '2008-07-25', 5, '476200'),
(49, '2008-07-25', 6, '7557'),
(50, '2007-09-07', 1, '3,5'),
(50, '2007-09-07', 2, '16100'),
(50, '2007-09-07', 3, '439000'),
(50, '2007-09-07', 4, '7700'),
(50, '2007-09-07', 5, '16000'),
(50, '2007-09-07', 6, '6600'),
(50, '2008-11-03', 1, '11'),
(50, '2008-11-03', 2, '39000'),
(50, '2008-11-03', 3, '203000'),
(50, '2008-11-03', 4, '2435'),
(50, '2008-11-03', 5, '658600'),
(50, '2008-11-03', 6, '17691'),
(51, '2001-02-21', 1, '5,1'),
(51, '2001-02-21', 2, '3200'),
(51, '2001-02-21', 3, '309000'),
(51, '2001-02-21', 4, '500'),
(51, '2001-02-21', 5, '11000'),
(51, '2001-02-21', 6, '2400'),
(51, '2004-01-07', 1, '12'),
(51, '2004-01-07', 2, '48300'),
(51, '2004-01-07', 3, '286000'),
(51, '2004-01-07', 4, '16572'),
(51, '2004-01-07', 5, '38400'),
(51, '2004-01-07', 6, '1145'),
(53, '1994-06-01', 1, '3,4'),
(53, '1994-06-01', 2, '15000'),
(53, '1994-06-01', 3, '365000'),
(53, '1994-06-01', 4, '3300'),
(53, '1994-06-01', 5, '500000'),
(53, '1994-06-01', 6, '9900'),
(53, '2008-06-10', 1, '11'),
(53, '2008-06-10', 2, '8400'),
(53, '2008-06-10', 3, '437000'),
(53, '2008-06-10', 4, '14091'),
(53, '2008-06-10', 5, '402800'),
(53, '2008-06-10', 6, '12577'),
(54, '2007-10-29', 1, '7,3'),
(54, '2007-10-29', 2, '13600'),
(54, '2007-10-29', 3, '311000'),
(54, '2007-10-29', 4, '7500'),
(54, '2007-10-29', 5, '269000'),
(54, '2007-10-29', 6, '4800'),
(54, '2007-11-14', 1, '8'),
(54, '2007-11-14', 2, '58200'),
(54, '2007-11-14', 3, '379000'),
(54, '2007-11-14', 4, '11606'),
(54, '2007-11-14', 5, '539800'),
(54, '2007-11-14', 6, '28577'),
(55, '2007-08-16', 1, '6'),
(55, '2007-11-23', 1, '6'),
(58, '2003-10-14', 1, '7'),
(58, '2003-10-14', 2, '39320'),
(58, '2003-10-14', 3, '344000'),
(58, '2003-10-14', 4, '22810'),
(58, '2003-10-14', 5, '246000'),
(58, '2003-10-14', 6, '14160'),
(58, '2004-06-18', 1, '13'),
(58, '2004-06-18', 2, '55300'),
(58, '2004-06-18', 3, '393000'),
(58, '2004-06-18', 4, '15353'),
(58, '2004-06-18', 5, '820900'),
(58, '2004-06-18', 6, '465'),
(59, '2001-02-28', 1, '8,9'),
(59, '2001-02-28', 2, '7400'),
(59, '2001-02-28', 3, '325000'),
(59, '2001-02-28', 4, '3780'),
(59, '2001-02-28', 5, '51000'),
(59, '2001-02-28', 6, '2520'),
(59, '2001-10-17', 1, '3'),
(59, '2001-10-17', 2, '48900'),
(59, '2001-10-17', 3, '374000'),
(59, '2001-10-17', 4, '10078'),
(59, '2001-10-17', 5, '540400'),
(59, '2001-10-17', 6, '4359'),
(60, '1998-12-29', 1, '7,7'),
(60, '1998-12-29', 2, '4300'),
(60, '1998-12-29', 3, '232000'),
(60, '2008-11-05', 1, '11'),
(60, '2008-11-05', 2, '9100'),
(60, '2008-11-05', 3, '677000'),
(61, '1999-10-20', 1, '6,9'),
(61, '1999-10-20', 2, '11200'),
(61, '1999-10-20', 3, '10000'),
(61, '1999-10-20', 4, '7100'),
(61, '1999-10-20', 5, '2790'),
(61, '1999-10-20', 6, '900'),
(61, '2004-06-01', 1, '13'),
(61, '2004-06-01', 2, '30100'),
(61, '2004-06-01', 3, '51000'),
(61, '2004-06-01', 4, '17852'),
(61, '2004-06-01', 5, '416800'),
(61, '2004-06-01', 6, '20512'),
(62, '2004-03-10', 1, '11'),
(62, '2004-03-10', 3, '9000'),
(62, '2004-03-10', 5, '60000'),
(62, '2007-01-10', 1, '11'),
(62, '2007-01-10', 3, '796000'),
(62, '2007-01-10', 5, '234500'),
(63, '2005-03-07', 1, '6'),
(63, '2005-03-07', 2, '7520'),
(63, '2005-03-07', 3, '342000'),
(63, '2005-03-07', 5, '137280'),
(63, '2006-06-18', 1, '6'),
(63, '2006-06-18', 2, '38400'),
(63, '2006-06-18', 3, '854000'),
(63, '2006-06-18', 5, '943200'),
(64, '2002-03-01', 1, '8,9'),
(64, '2002-03-01', 2, '4770'),
(64, '2002-03-01', 3, '5000'),
(64, '2002-03-01', 5, '157000'),
(64, '2006-01-30', 1, '3'),
(64, '2006-01-30', 2, '18000'),
(64, '2006-01-30', 3, '119000'),
(64, '2006-01-30', 5, '6400'),
(66, '1998-10-13', 1, '5,3'),
(66, '1998-10-13', 2, '7100'),
(66, '1998-10-13', 3, '220000'),
(66, '1998-10-13', 4, '2290'),
(66, '1998-10-13', 5, '244000'),
(66, '1998-10-13', 6, '3830'),
(66, '2004-07-09', 1, '12'),
(66, '2004-07-09', 2, '5200'),
(66, '2004-07-09', 3, '623000'),
(66, '2004-07-09', 4, '14613'),
(66, '2004-07-09', 5, '61500'),
(66, '2004-07-09', 6, '6196'),
(67, '2005-03-08', 1, '5,9'),
(67, '2005-03-08', 2, '15670'),
(67, '2005-03-08', 3, '289000'),
(67, '2005-03-08', 5, '49200'),
(67, '2005-03-25', 1, '0'),
(67, '2005-03-25', 2, '6700'),
(67, '2005-03-25', 3, '402000'),
(67, '2005-03-25', 5, '236600'),
(68, '2006-08-03', 1, '5,9'),
(68, '2006-08-03', 2, '1550'),
(68, '2006-08-03', 3, '69000'),
(68, '2006-08-03', 4, '1140'),
(68, '2006-08-03', 5, '462000'),
(68, '2006-08-03', 6, '100'),
(68, '2008-09-24', 1, '6'),
(68, '2008-09-24', 2, '13700'),
(68, '2008-09-24', 3, '561000'),
(68, '2008-09-24', 4, '3856'),
(68, '2008-09-24', 5, '587600'),
(68, '2008-09-24', 6, '15892'),
(69, '2001-03-05', 1, '6,2'),
(69, '2001-03-05', 3, '244000'),
(69, '2001-03-05', 5, '356000'),
(69, '2001-03-05', 6, '3700'),
(69, '2002-12-17', 1, '6'),
(69, '2002-12-17', 3, '169000'),
(69, '2002-12-17', 5, '433800'),
(69, '2002-12-17', 6, '14040'),
(70, '1995-10-23', 1, '9,4'),
(70, '1995-10-23', 2, '2310'),
(70, '1995-10-23', 3, '48000'),
(70, '1995-10-23', 4, '1630'),
(70, '1995-10-23', 5, '97900'),
(70, '1995-10-23', 6, '200'),
(70, '2008-06-16', 1, '1'),
(70, '2008-06-16', 2, '34900'),
(70, '2008-06-16', 3, '904000'),
(70, '2008-06-16', 4, '1784'),
(70, '2008-06-16', 5, '597200'),
(70, '2008-06-16', 6, '24734'),
(71, '2004-05-03', 1, '6'),
(71, '2004-05-03', 2, '12000'),
(71, '2004-05-03', 3, '200000'),
(71, '2004-05-03', 4, '3120'),
(71, '2004-05-03', 5, '35500'),
(71, '2004-05-03', 6, '8640'),
(71, '2007-07-27', 1, '4'),
(71, '2007-07-27', 2, '18300'),
(71, '2007-07-27', 3, '1061000'),
(71, '2007-07-27', 4, '10795'),
(71, '2007-07-27', 5, '139100'),
(71, '2007-07-27', 6, '27814'),
(72, '1991-12-20', 1, '1,8'),
(72, '1991-12-20', 2, '1900'),
(72, '1991-12-20', 3, '34000'),
(72, '1991-12-20', 4, '1634'),
(72, '1991-12-20', 6, '13'),
(72, '1996-01-16', 1, '8'),
(72, '1996-01-16', 2, '23300'),
(72, '1996-01-16', 3, '998000'),
(72, '1996-01-16', 4, '5679'),
(72, '1996-01-16', 6, '23996'),
(73, '2002-08-14', 1, '5,1'),
(73, '2006-08-09', 1, '13'),
(74, '2005-09-20', 1, '5,6'),
(74, '2006-02-20', 1, '1'),
(76, '2008-03-28', 1, '2,2'),
(76, '2008-03-28', 2, '9910'),
(76, '2008-03-28', 3, '367000'),
(76, '2008-03-28', 4, '6440'),
(76, '2008-03-28', 5, '2000'),
(76, '2008-03-28', 6, '2870'),
(76, '2008-10-29', 1, '12'),
(76, '2008-10-29', 2, '53100'),
(76, '2008-10-29', 3, '620000'),
(76, '2008-10-29', 4, '18023'),
(76, '2008-10-29', 5, '65100'),
(76, '2008-10-29', 6, '19707'),
(77, '2004-08-03', 1, '7,6'),
(77, '2004-08-03', 3, '1000'),
(77, '2004-08-03', 5, '104880'),
(77, '2006-05-31', 1, '4'),
(77, '2006-05-31', 3, '999000'),
(77, '2006-05-31', 5, '228600'),
(78, '2002-11-20', 1, '6,5'),
(78, '2002-11-20', 2, '9200'),
(78, '2002-11-20', 3, '9000'),
(78, '2002-11-20', 5, '260400'),
(78, '2002-11-20', 6, '5500'),
(78, '2007-01-31', 1, '1'),
(78, '2007-01-31', 2, '3200'),
(78, '2007-01-31', 3, '844000'),
(78, '2007-01-31', 5, '150300'),
(78, '2007-01-31', 6, '25244'),
(79, '2000-11-09', 1, '2,2'),
(79, '2000-11-09', 2, '20200'),
(79, '2000-11-09', 3, '240000'),
(79, '2000-11-09', 5, '33000'),
(79, '2008-10-10', 1, '11'),
(79, '2008-10-10', 2, '55400'),
(79, '2008-10-10', 3, '1079000'),
(79, '2008-10-10', 5, '138500'),
(80, '2002-07-02', 1, '8,4'),
(80, '2002-07-02', 2, '8210'),
(80, '2002-07-02', 3, '320000'),
(80, '2002-07-02', 4, '3800'),
(80, '2002-07-02', 5, '242000'),
(80, '2002-07-02', 6, '3700'),
(80, '2002-09-25', 1, '8'),
(80, '2002-09-25', 2, '21300'),
(80, '2002-09-25', 3, '658000'),
(80, '2002-09-25', 4, '12098'),
(80, '2002-09-25', 5, '69100'),
(80, '2002-09-25', 6, '20093'),
(81, '2001-06-30', 1, '10,2'),
(81, '2001-06-30', 2, '11100'),
(81, '2001-06-30', 3, '217000'),
(81, '2001-06-30', 4, '2300'),
(81, '2001-06-30', 5, '83000'),
(81, '2001-06-30', 6, '8500'),
(81, '2006-06-21', 1, '1'),
(81, '2006-06-21', 2, '12300'),
(81, '2006-06-21', 3, '475000'),
(81, '2006-06-21', 4, '8452'),
(81, '2006-06-21', 5, '275900'),
(81, '2006-06-21', 6, '7348'),
(82, '2005-09-07', 1, '10,6'),
(82, '2005-09-07', 2, '5500'),
(82, '2005-09-07', 3, '217000'),
(82, '2005-09-07', 4, '4015'),
(82, '2005-09-07', 5, '96000'),
(82, '2005-09-07', 6, '160'),
(82, '2008-09-15', 1, '3'),
(82, '2008-09-15', 2, '37400'),
(82, '2008-09-15', 3, '812000'),
(82, '2008-09-15', 4, '19658'),
(82, '2008-09-15', 5, '674300'),
(82, '2008-09-15', 6, '7335'),
(83, '2006-07-12', 1, '6,2'),
(83, '2006-07-12', 2, '16400'),
(83, '2006-07-12', 3, '361000'),
(83, '2006-07-12', 4, '2930'),
(83, '2006-07-12', 5, '350000'),
(83, '2006-07-12', 6, '1150'),
(83, '2008-01-09', 1, '4'),
(83, '2008-01-09', 2, '48300'),
(83, '2008-01-09', 3, '983000'),
(83, '2008-01-09', 4, '9176'),
(83, '2008-01-09', 5, '296700'),
(83, '2008-01-09', 6, '18123'),
(84, '2003-06-01', 1, '7,8'),
(84, '2003-06-01', 2, '11000'),
(84, '2003-06-01', 3, '470000'),
(84, '2003-06-01', 5, '157680'),
(84, '2003-06-01', 6, '7040'),
(84, '2008-10-15', 1, '6'),
(84, '2008-10-15', 2, '19900'),
(84, '2008-10-15', 3, '630000'),
(84, '2008-10-15', 5, '555000'),
(84, '2008-10-15', 6, '11226'),
(87, '2000-11-23', 1, '10,1'),
(87, '2000-11-23', 2, '3800'),
(87, '2000-11-23', 3, '2000'),
(87, '2000-11-23', 4, '1500'),
(87, '2000-11-23', 5, '196000'),
(87, '2000-11-23', 6, '1900'),
(87, '2007-01-17', 1, '0'),
(87, '2007-01-17', 2, '20400'),
(87, '2007-01-17', 3, '925000'),
(87, '2007-01-17', 4, '15023'),
(87, '2007-01-17', 5, '625700'),
(87, '2007-01-17', 6, '5408'),
(88, '2005-06-18', 1, '5,9'),
(88, '2005-06-18', 2, '9600'),
(88, '2005-06-18', 3, '404000'),
(88, '2005-06-18', 4, '6200'),
(88, '2005-06-18', 5, '442000'),
(88, '2005-06-18', 6, '2700'),
(88, '2008-10-30', 1, '7'),
(88, '2008-10-30', 2, '31600'),
(88, '2008-10-30', 3, '166000'),
(88, '2008-10-30', 4, '13103'),
(88, '2008-10-30', 5, '63700'),
(88, '2008-10-30', 6, '13502'),
(89, '2004-10-21', 1, '7,6'),
(89, '2004-10-21', 2, '12000'),
(89, '2004-10-21', 3, '215000'),
(89, '2004-10-21', 5, '65000'),
(89, '2005-01-07', 1, '11'),
(89, '2005-01-07', 2, '23300'),
(89, '2005-01-07', 3, '32000'),
(89, '2005-01-07', 5, '412500'),
(90, '2008-01-13', 1, '3,9'),
(90, '2008-01-16', 1, '13'),
(91, '1997-03-25', 1, '6,4'),
(91, '1997-03-25', 2, '3800'),
(91, '1997-03-25', 3, '13000'),
(91, '1997-03-25', 4, '1300'),
(91, '1997-03-25', 5, '140140'),
(91, '1997-03-25', 6, '2100'),
(91, '2003-04-01', 1, '11'),
(91, '2003-04-01', 2, '18600'),
(91, '2003-04-01', 3, '663000'),
(91, '2003-04-01', 4, '8328'),
(91, '2003-04-01', 5, '881300'),
(91, '2003-04-01', 6, '10275'),
(92, '2000-04-28', 1, '5,6'),
(92, '2000-04-28', 2, '3000'),
(92, '2000-04-28', 3, '4000'),
(92, '2000-04-28', 5, '50000'),
(92, '2000-04-28', 6, '1200'),
(92, '2004-08-12', 1, '2'),
(92, '2004-08-12', 2, '10200'),
(92, '2004-08-12', 3, '838000'),
(92, '2004-08-12', 5, '946700'),
(92, '2004-08-12', 6, '7041'),
(93, '1997-10-22', 1, '3,6'),
(93, '1997-10-22', 2, '14220'),
(93, '1997-10-22', 3, '305000'),
(93, '1997-10-22', 4, '4266'),
(93, '1997-10-22', 5, '95860'),
(93, '1997-10-22', 6, '8532'),
(93, '2008-03-11', 1, '2'),
(93, '2008-03-11', 2, '25900'),
(93, '2008-03-11', 3, '731000'),
(93, '2008-03-11', 4, '14437'),
(93, '2008-03-11', 5, '149200'),
(93, '2008-03-11', 6, '29989'),
(94, '1998-11-10', 1, '9,8'),
(94, '1998-11-10', 3, '348000'),
(94, '1998-11-10', 5, '200200'),
(94, '1998-11-10', 6, '5070'),
(94, '2000-04-19', 1, '10'),
(94, '2000-04-19', 3, '517000'),
(94, '2000-04-19', 5, '408100'),
(94, '2000-04-19', 6, '20037'),
(95, '1993-04-14', 1, '8,1'),
(95, '1993-04-14', 2, '8200'),
(95, '1993-04-14', 3, '235000'),
(95, '1993-04-14', 5, '220000'),
(95, '1996-04-10', 1, '7'),
(95, '1996-04-10', 2, '8700'),
(95, '1996-04-10', 3, '163000'),
(95, '1996-04-10', 5, '926100'),
(96, '2002-03-14', 1, '6,8'),
(96, '2002-03-14', 5, '408000'),
(96, '2003-06-16', 1, '0'),
(96, '2003-06-16', 5, '458500'),
(97, '1999-01-09', 1, '8,1'),
(97, '1999-01-09', 2, '11900'),
(97, '1999-01-09', 3, '3000'),
(97, '1999-01-09', 4, '3800'),
(97, '1999-01-09', 6, '6500'),
(97, '2003-08-01', 1, '2'),
(97, '2003-08-01', 2, '5300'),
(97, '2003-08-01', 3, '133000'),
(97, '2003-08-01', 4, '14644'),
(97, '2003-08-01', 6, '15314'),
(98, '2004-01-08', 1, '5,8'),
(98, '2004-01-08', 2, '23600'),
(98, '2004-01-08', 3, '285000'),
(98, '2004-01-08', 4, '3540'),
(98, '2004-01-08', 5, '150000'),
(98, '2004-04-02', 1, '2'),
(98, '2004-04-02', 2, '28000'),
(98, '2004-04-02', 3, '944000'),
(98, '2004-04-02', 4, '19725'),
(98, '2004-04-02', 5, '601100'),
(100, '2006-03-21', 1, '6'),
(100, '2006-03-21', 2, '1800'),
(100, '2006-03-21', 3, '123000'),
(100, '2006-03-21', 4, '1062'),
(100, '2006-03-21', 5, '224000'),
(100, '2006-03-21', 6, '414'),
(100, '2007-11-10', 1, '0'),
(100, '2007-11-10', 2, '11700'),
(100, '2007-11-10', 3, '791000'),
(100, '2007-11-10', 4, '14402'),
(100, '2007-11-10', 5, '97700'),
(100, '2007-11-10', 6, '1685'),
(101, '1996-11-11', 1, '6,5'),
(101, '1996-11-11', 2, '23640'),
(101, '1996-11-11', 3, '595000'),
(101, '1996-11-11', 5, '129000'),
(101, '1999-04-06', 1, '9'),
(101, '1999-04-06', 2, '14400'),
(101, '1999-04-06', 3, '441000'),
(101, '1999-04-06', 5, '824500'),
(102, '1998-07-10', 1, '4,7'),
(102, '1998-07-10', 2, '5100'),
(102, '1998-07-10', 3, '169000'),
(102, '1998-07-10', 5, '78000'),
(102, '2004-09-23', 1, '12'),
(102, '2004-09-23', 2, '57500'),
(102, '2004-09-23', 3, '636000'),
(102, '2004-09-23', 5, '385100'),
(103, '2004-12-12', 1, '3,3'),
(103, '2004-12-12', 2, '17300'),
(103, '2004-12-12', 3, '320000'),
(103, '2004-12-12', 4, '9060'),
(103, '2004-12-12', 5, '9280'),
(103, '2004-12-12', 6, '5470'),
(103, '2008-04-23', 1, '2'),
(103, '2008-04-23', 2, '19800'),
(103, '2008-04-23', 3, '357000'),
(103, '2008-04-23', 4, '10895'),
(103, '2008-04-23', 5, '683100'),
(103, '2008-04-23', 6, '5328'),
(104, '2002-11-10', 1, '8,5'),
(104, '2002-11-10', 5, '148500'),
(104, '2005-09-13', 1, '7'),
(104, '2005-09-13', 5, '954400'),
(105, '2004-11-13', 1, '2'),
(105, '2004-11-13', 2, '12400'),
(105, '2004-11-13', 3, '533000'),
(105, '2005-09-10', 1, '3'),
(105, '2005-09-10', 2, '40700'),
(105, '2005-09-10', 3, '1006000'),
(106, '1999-01-27', 1, '3,4'),
(106, '1999-01-27', 3, '199000'),
(106, '1999-01-27', 5, '448000'),
(106, '1999-01-27', 6, '1410'),
(106, '1999-07-26', 1, '13'),
(106, '1999-07-26', 3, '599000'),
(106, '1999-07-26', 5, '287100'),
(106, '1999-07-26', 6, '12051'),
(107, '1998-05-22', 1, '7,2'),
(107, '1998-05-22', 2, '8000'),
(107, '1998-05-22', 3, '231000'),
(107, '1998-05-22', 5, '555000'),
(107, '2006-05-03', 1, '11'),
(107, '2006-05-03', 2, '45900'),
(107, '2006-05-03', 3, '278000'),
(107, '2006-05-03', 5, '73200'),
(108, '2005-02-26', 1, '6,6'),
(108, '2005-02-26', 2, '11500'),
(108, '2005-02-26', 5, '225000'),
(108, '2008-09-03', 1, '1'),
(108, '2008-09-03', 2, '13800'),
(108, '2008-09-03', 5, '940900'),
(109, '2001-06-20', 1, '5,3'),
(109, '2001-06-20', 2, '4000'),
(109, '2001-06-20', 3, '301000'),
(109, '2001-06-20', 4, '840'),
(109, '2001-06-20', 5, '462430'),
(109, '2001-06-20', 6, '2640'),
(109, '2008-05-19', 1, '10'),
(109, '2008-05-19', 2, '52500'),
(109, '2008-05-19', 3, '161000'),
(109, '2008-05-19', 4, '4161'),
(109, '2008-05-19', 5, '817100'),
(109, '2008-05-19', 6, '25529'),
(110, '2008-03-15', 1, '9,2'),
(110, '2008-03-15', 2, '8400'),
(110, '2008-03-15', 3, '4000'),
(110, '2008-03-15', 4, '840'),
(110, '2008-03-15', 6, '6804'),
(110, '2008-10-23', 1, '13'),
(110, '2008-10-23', 2, '7800'),
(110, '2008-10-23', 3, '284000'),
(110, '2008-10-23', 4, '868'),
(110, '2008-10-23', 6, '6624'),
(111, '2005-11-08', 1, '10,6'),
(111, '2005-11-08', 2, '2370'),
(111, '2005-11-08', 3, '25000'),
(111, '2005-11-08', 6, '119'),
(111, '2008-09-09', 1, '12'),
(111, '2008-09-09', 2, '47500'),
(111, '2008-09-09', 3, '990000'),
(111, '2008-09-09', 6, '27733'),
(112, '1998-04-30', 1, '8,2'),
(112, '1998-04-30', 3, '508000'),
(112, '1998-04-30', 5, '43000'),
(112, '1998-04-30', 6, '1700'),
(112, '1999-10-01', 1, '0'),
(112, '1999-10-01', 3, '133000'),
(112, '1999-10-01', 5, '646300'),
(112, '1999-10-01', 6, '23902'),
(113, '2002-02-05', 1, '2,9'),
(113, '2002-02-05', 2, '21000'),
(113, '2002-02-05', 3, '237000'),
(113, '2002-02-05', 4, '1260'),
(113, '2002-02-05', 5, '39000'),
(113, '2002-02-05', 6, '16380'),
(113, '2008-06-25', 1, '10'),
(113, '2008-06-25', 2, '53300'),
(113, '2008-06-25', 3, '1042000'),
(113, '2008-06-25', 4, '8836'),
(113, '2008-06-25', 5, '755600'),
(113, '2008-06-25', 6, '14613'),
(114, '2003-08-07', 1, '6'),
(114, '2003-08-07', 2, '19600'),
(114, '2003-08-07', 3, '238000'),
(114, '2003-08-07', 4, '2548'),
(114, '2003-08-07', 5, '450000'),
(114, '2003-08-07', 6, '15680'),
(114, '2008-03-31', 1, '8'),
(114, '2008-03-31', 2, '300'),
(114, '2008-03-31', 3, '423000'),
(114, '2008-03-31', 4, '9581'),
(114, '2008-03-31', 5, '453400'),
(114, '2008-03-31', 6, '11713'),
(115, '2005-03-30', 1, '5,8'),
(115, '2005-03-30', 2, '8300'),
(115, '2005-03-30', 3, '280000'),
(115, '2005-03-30', 4, '1743'),
(115, '2005-03-30', 5, '41202'),
(115, '2005-03-30', 6, '5644'),
(115, '2005-07-04', 1, '8'),
(115, '2005-07-04', 2, '32600'),
(115, '2005-07-04', 3, '494000'),
(115, '2005-07-04', 4, '12993'),
(115, '2005-07-04', 5, '621700'),
(115, '2005-07-04', 6, '15829'),
(116, '1997-02-17', 1, '6,2'),
(116, '1997-02-17', 2, '14000'),
(116, '1997-02-17', 3, '11000000'),
(116, '1997-02-17', 5, '67000'),
(116, '1997-12-10', 1, '3'),
(116, '1997-12-10', 2, '46200'),
(116, '1997-12-10', 3, '153000'),
(116, '1997-12-10', 5, '817900'),
(117, '2006-01-30', 1, '3'),
(117, '2006-01-30', 2, '20000'),
(117, '2006-01-30', 3, '378000'),
(117, '2006-01-30', 4, '11400'),
(117, '2006-01-30', 5, '6400'),
(117, '2006-01-30', 6, '5000'),
(117, '2008-07-21', 1, '4'),
(117, '2008-07-21', 2, '23400'),
(117, '2008-07-21', 3, '496000'),
(117, '2008-07-21', 4, '3470'),
(117, '2008-07-21', 5, '998400'),
(117, '2008-07-21', 6, '28246'),
(118, '1999-04-04', 1, '6,4'),
(118, '1999-04-04', 3, '462000'),
(118, '1999-04-04', 5, '117000'),
(118, '1999-04-04', 6, '17590'),
(118, '2000-06-01', 1, '2'),
(118, '2000-06-01', 3, '1045000'),
(118, '2000-06-01', 5, '801000'),
(118, '2000-06-01', 6, '13272'),
(119, '2004-04-20', 1, '4,9'),
(119, '2008-08-20', 1, '2'),
(121, '2002-04-06', 1, '4,5'),
(121, '2002-04-06', 2, '19300'),
(121, '2002-04-06', 3, '292000'),
(121, '2002-04-06', 4, '8299'),
(121, '2002-04-06', 5, '213000'),
(121, '2002-04-06', 6, '8299'),
(121, '2007-10-18', 1, '12'),
(121, '2007-10-18', 2, '3700'),
(121, '2007-10-18', 3, '1093000'),
(121, '2007-10-18', 4, '5111'),
(121, '2007-10-18', 5, '466400'),
(121, '2007-10-18', 6, '25480'),
(122, '2004-08-04', 1, '5,7'),
(122, '2004-08-04', 2, '10500'),
(122, '2004-08-04', 3, '447000'),
(122, '2004-08-04', 4, '3370'),
(122, '2004-08-04', 5, '668000'),
(122, '2004-08-04', 6, '5790'),
(122, '2006-10-20', 1, '2'),
(122, '2006-10-20', 2, '49200'),
(122, '2006-10-20', 3, '684000'),
(122, '2006-10-20', 4, '13634'),
(122, '2006-10-20', 5, '205600'),
(122, '2006-10-20', 6, '22358'),
(123, '2001-11-05', 1, '5,4'),
(123, '2001-11-05', 5, '53500'),
(123, '2006-03-01', 1, '8'),
(123, '2006-03-01', 5, '644200'),
(124, '2005-12-06', 1, '8,3'),
(124, '2005-12-06', 2, '7500'),
(124, '2005-12-06', 3, '20000'),
(124, '2005-12-06', 4, '4200'),
(124, '2005-12-06', 5, '467000'),
(124, '2005-12-06', 6, '2550'),
(124, '2006-01-25', 1, '5'),
(124, '2006-01-25', 2, '21200'),
(124, '2006-01-25', 3, '939000'),
(124, '2006-01-25', 4, '14740'),
(124, '2006-01-25', 5, '41100'),
(124, '2006-01-25', 6, '14014'),
(125, '2005-02-14', 1, '4,2'),
(125, '2005-02-14', 2, '8500'),
(125, '2005-02-14', 3, '391000'),
(125, '2005-02-14', 4, '4420'),
(125, '2005-02-14', 5, '268200'),
(125, '2005-02-14', 6, '3460'),
(125, '2008-01-09', 1, '1'),
(125, '2008-01-09', 2, '19300'),
(125, '2008-01-09', 3, '581000'),
(125, '2008-01-09', 4, '1615'),
(125, '2008-01-09', 5, '595900'),
(125, '2008-01-09', 6, '29556'),
(126, '1987-04-01', 1, '10,9'),
(126, '1987-04-01', 2, '2900'),
(126, '1987-04-01', 3, '3000'),
(126, '1987-04-01', 5, '15000'),
(126, '1987-04-01', 6, '400'),
(126, '2006-02-16', 1, '2'),
(126, '2006-02-16', 2, '39500'),
(126, '2006-02-16', 3, '460000'),
(126, '2006-02-16', 5, '249200'),
(126, '2006-02-16', 6, '12590'),
(127, '2006-04-23', 1, '5,7'),
(127, '2006-04-23', 2, '9450'),
(127, '2006-04-23', 3, '353000'),
(127, '2006-04-23', 4, '2000'),
(127, '2006-04-23', 5, '509000'),
(127, '2006-04-23', 6, '700'),
(127, '2008-09-01', 1, '13'),
(127, '2008-09-01', 2, '8600'),
(127, '2008-09-01', 3, '975000'),
(127, '2008-09-01', 4, '2857'),
(127, '2008-09-01', 5, '172200'),
(127, '2008-09-01', 6, '13059'),
(128, '2003-03-05', 1, '10,6'),
(128, '2003-03-05', 2, '2080'),
(128, '2003-03-05', 3, '5000'),
(128, '2003-03-05', 4, '1100'),
(128, '2003-03-05', 5, '87000'),
(128, '2003-03-05', 6, '100'),
(128, '2008-05-02', 1, '12'),
(128, '2008-05-02', 2, '32200'),
(128, '2008-05-02', 3, '152000'),
(128, '2008-05-02', 4, '9412'),
(128, '2008-05-02', 5, '810600'),
(128, '2008-05-02', 6, '1685'),
(129, '2007-04-24', 1, '5,4'),
(129, '2007-04-24', 2, '11600'),
(129, '2007-04-24', 3, '312000'),
(129, '2007-04-24', 4, '3016'),
(129, '2007-04-24', 5, '116000'),
(129, '2007-04-24', 6, '7656'),
(129, '2007-05-31', 1, '2'),
(129, '2007-05-31', 2, '36700'),
(129, '2007-05-31', 3, '1020000'),
(129, '2007-05-31', 4, '11475'),
(129, '2007-05-31', 5, '560100'),
(129, '2007-05-31', 6, '6841'),
(130, '2002-07-17', 1, '7,9'),
(130, '2002-07-17', 2, '8200'),
(130, '2002-07-17', 3, '293000'),
(130, '2002-07-17', 4, '6880'),
(130, '2002-07-17', 5, '61640'),
(130, '2002-07-17', 6, '160'),
(130, '2006-10-31', 1, '8'),
(130, '2006-10-31', 2, '50000'),
(130, '2006-10-31', 3, '646000'),
(130, '2006-10-31', 4, '19047'),
(130, '2006-10-31', 5, '349000'),
(130, '2006-10-31', 6, '1990'),
(131, '2002-10-18', 1, '5,7'),
(131, '2002-10-18', 5, '211000'),
(131, '2007-01-09', 1, '7'),
(131, '2007-01-09', 5, '210500'),
(132, '2008-06-11', 1, '5'),
(132, '2008-06-11', 3, '7000'),
(132, '2008-10-27', 1, '4'),
(132, '2008-10-27', 3, '843000'),
(133, '1999-02-15', 1, '6'),
(133, '1999-02-15', 3, '734000'),
(133, '1999-02-15', 5, '487000'),
(133, '2005-01-04', 1, '12'),
(133, '2005-01-04', 3, '668000'),
(133, '2005-01-04', 5, '42200'),
(134, '2002-10-29', 1, '10,9'),
(134, '2002-10-29', 2, '2590'),
(134, '2002-10-29', 3, '17000'),
(134, '2002-10-29', 4, '1760'),
(134, '2002-10-29', 5, '40000'),
(134, '2002-10-29', 6, '210'),
(134, '2008-08-27', 1, '1'),
(134, '2008-08-27', 2, '14500'),
(134, '2008-08-27', 3, '93000'),
(134, '2008-08-27', 4, '1410'),
(134, '2008-08-27', 5, '835200'),
(134, '2008-08-27', 6, '2458'),
(135, '2002-04-19', 1, '4,7'),
(135, '2002-04-19', 2, '14000'),
(135, '2002-04-19', 3, '379000'),
(135, '2002-04-19', 4, '2000'),
(135, '2002-04-19', 5, '50000'),
(135, '2002-04-19', 6, '11000'),
(135, '2004-04-16', 1, '1'),
(135, '2004-04-16', 2, '5100'),
(135, '2004-04-16', 3, '512000'),
(135, '2004-04-16', 4, '8591'),
(135, '2004-04-16', 5, '514000'),
(135, '2004-04-16', 6, '29512'),
(136, '2004-10-31', 1, '6,4'),
(136, '2005-05-26', 1, '13'),
(137, '1994-09-01', 1, '6'),
(137, '2008-09-10', 1, '13'),
(138, '2000-01-31', 1, '7'),
(138, '2000-01-31', 2, '15400'),
(138, '2000-01-31', 3, '475000'),
(138, '2000-01-31', 5, '29000'),
(138, '2000-01-31', 6, '7546'),
(138, '2006-03-01', 1, '10'),
(138, '2006-03-01', 2, '24500'),
(138, '2006-03-01', 3, '124000'),
(138, '2006-03-01', 5, '534500'),
(138, '2006-03-01', 6, '29939'),
(139, '2006-12-13', 1, '5,2'),
(139, '2006-12-13', 2, '14870'),
(139, '2006-12-13', 3, '291000'),
(139, '2006-12-13', 4, '2530'),
(139, '2006-12-13', 5, '90000'),
(139, '2006-12-13', 6, '9070'),
(139, '2007-04-18', 1, '13'),
(139, '2007-04-18', 2, '50900'),
(139, '2007-04-18', 3, '1092000'),
(139, '2007-04-18', 4, '4129'),
(139, '2007-04-18', 5, '684900'),
(139, '2007-04-18', 6, '7317'),
(140, '1999-04-07', 1, '7,5'),
(140, '1999-04-07', 2, '2400'),
(140, '1999-04-07', 3, '295000'),
(140, '1999-04-07', 4, '576'),
(140, '1999-04-07', 5, '46000'),
(140, '1999-04-07', 6, '1464'),
(140, '2004-04-01', 1, '0'),
(140, '2004-04-01', 2, '23500'),
(140, '2004-04-01', 3, '221000'),
(140, '2004-04-01', 4, '8560'),
(140, '2004-04-01', 5, '445900'),
(140, '2004-04-01', 6, '24113'),
(141, '2003-11-25', 1, '4,4'),
(141, '2003-11-25', 2, '4100'),
(141, '2003-11-25', 3, '305000'),
(141, '2003-11-25', 4, '3000'),
(141, '2003-11-25', 5, '10000'),
(141, '2003-11-25', 6, '100'),
(141, '2008-06-18', 1, '6'),
(141, '2008-06-18', 2, '50900'),
(141, '2008-06-18', 3, '367000'),
(141, '2008-06-18', 4, '4750'),
(141, '2008-06-18', 5, '199700'),
(141, '2008-06-18', 6, '16831'),
(142, '2007-01-29', 1, '6,4'),
(142, '2007-01-29', 2, '10000'),
(142, '2007-01-29', 3, '195000'),
(142, '2007-01-29', 4, '900'),
(142, '2007-01-29', 5, '18000'),
(142, '2007-01-29', 6, '5000'),
(142, '2008-04-03', 1, '6'),
(142, '2008-04-03', 2, '15800'),
(142, '2008-04-03', 3, '873000'),
(142, '2008-04-03', 4, '11016'),
(142, '2008-04-03', 5, '782000'),
(142, '2008-04-03', 6, '13370'),
(143, '1999-09-11', 1, '10'),
(143, '1999-09-11', 2, '11000'),
(143, '1999-09-11', 3, '11000'),
(143, '1999-09-11', 4, '5640'),
(143, '1999-09-11', 6, '3950'),
(143, '2002-06-24', 1, '4'),
(143, '2002-06-24', 2, '56800'),
(143, '2002-06-24', 3, '689000'),
(143, '2002-06-24', 4, '9014'),
(143, '2002-06-24', 6, '7930'),
(144, '1992-03-28', 1, '5'),
(144, '1992-03-28', 2, '32230'),
(144, '1992-03-28', 3, '486000'),
(144, '1992-03-28', 4, '9669'),
(144, '1992-03-28', 5, '204000'),
(144, '1992-03-28', 6, '15356'),
(144, '1992-03-31', 1, '6'),
(144, '1992-03-31', 2, '27400'),
(144, '1992-03-31', 3, '423000'),
(144, '1992-03-31', 4, '6423'),
(144, '1992-03-31', 5, '663100'),
(144, '1992-03-31', 6, '23136'),
(145, '2001-06-20', 1, '6,6'),
(145, '2001-06-20', 2, '17700'),
(145, '2001-06-20', 3, '391000'),
(145, '2001-06-20', 4, '2301'),
(145, '2001-06-20', 5, '23700'),
(145, '2001-06-20', 6, '14691'),
(145, '2003-09-19', 1, '10'),
(145, '2003-09-19', 2, '1500'),
(145, '2003-09-19', 3, '109000'),
(145, '2003-09-19', 4, '944'),
(145, '2003-09-19', 5, '464300'),
(145, '2003-09-19', 6, '19531'),
(146, '2007-04-28', 1, '3,7'),
(146, '2007-04-28', 2, '17000'),
(146, '2007-04-28', 3, '505000'),
(146, '2007-04-28', 5, '79800'),
(146, '2008-05-28', 1, '8'),
(146, '2008-05-28', 2, '2100'),
(146, '2008-05-28', 3, '505000'),
(146, '2008-05-28', 5, '58100'),
(147, '2003-01-16', 1, '3,2'),
(147, '2003-01-16', 2, '27500'),
(147, '2003-01-16', 3, '634000'),
(147, '2003-01-16', 4, '12100'),
(147, '2003-01-16', 5, '134000'),
(147, '2003-01-16', 6, '11000'),
(147, '2008-11-04', 1, '12'),
(147, '2008-11-04', 2, '28800'),
(147, '2008-11-04', 3, '6000'),
(147, '2008-11-04', 4, '8925'),
(147, '2008-11-04', 5, '156400'),
(147, '2008-11-04', 6, '5581'),
(148, '2005-02-01', 1, '8,9'),
(148, '2005-02-01', 2, '17200'),
(148, '2005-02-01', 3, '805000'),
(148, '2005-02-01', 5, '805000'),
(148, '2008-11-04', 1, '4'),
(148, '2008-11-04', 2, '23600'),
(148, '2008-11-04', 3, '281000'),
(148, '2008-11-04', 5, '323200'),
(149, '2002-11-06', 1, '4,7'),
(149, '2002-11-06', 2, '14000'),
(149, '2002-11-06', 3, '453000'),
(149, '2002-11-06', 4, '4000'),
(149, '2002-11-06', 5, '43000'),
(149, '2002-11-06', 6, '9000'),
(149, '2006-12-13', 1, '12'),
(149, '2006-12-13', 2, '48500'),
(149, '2006-12-13', 3, '809000'),
(149, '2006-12-13', 4, '6335'),
(149, '2006-12-13', 5, '761500'),
(149, '2006-12-13', 6, '15955'),
(150, '1995-02-01', 1, '5,4'),
(150, '1995-02-01', 2, '5000'),
(150, '1995-02-01', 3, '200000'),
(150, '1995-02-01', 5, '270000'),
(150, '1995-02-01', 6, '2200'),
(150, '2008-07-01', 1, '5'),
(150, '2008-07-01', 2, '17300'),
(150, '2008-07-01', 3, '627000'),
(150, '2008-07-01', 5, '249800'),
(150, '2008-07-01', 6, '18717'),
(151, '2004-09-01', 1, '6,8'),
(151, '2004-09-01', 2, '10500'),
(151, '2004-09-01', 3, '296000'),
(151, '2004-09-01', 4, '7455'),
(151, '2004-09-01', 6, '1365'),
(151, '2008-10-02', 1, '5'),
(151, '2008-10-02', 2, '26000'),
(151, '2008-10-02', 3, '246000'),
(151, '2008-10-02', 4, '14698'),
(151, '2008-10-02', 6, '21643'),
(152, '2007-04-05', 1, '6'),
(152, '2007-04-05', 2, '6400'),
(152, '2007-04-05', 3, '281000'),
(152, '2007-04-05', 5, '321000'),
(152, '2007-04-05', 6, '4740'),
(152, '2008-06-13', 1, '5'),
(152, '2008-06-13', 2, '8200'),
(152, '2008-06-13', 3, '795000'),
(152, '2008-06-13', 5, '466500'),
(152, '2008-06-13', 6, '6228'),
(153, '2002-03-19', 1, '4,6'),
(153, '2002-03-19', 2, '23400'),
(153, '2002-03-19', 3, '616000'),
(153, '2002-03-19', 4, '13100'),
(153, '2002-03-19', 5, '567000'),
(153, '2002-03-19', 6, '8430'),
(153, '2004-12-15', 1, '13'),
(153, '2004-12-15', 2, '59100'),
(153, '2004-12-15', 3, '1088000'),
(153, '2004-12-15', 4, '8764'),
(153, '2004-12-15', 5, '5000'),
(153, '2004-12-15', 6, '5770'),
(154, '2002-12-15', 1, '4,4'),
(154, '2002-12-15', 5, '240000'),
(154, '2003-10-13', 1, '8'),
(154, '2003-10-13', 5, '538000'),
(155, '1998-11-05', 1, '4,2'),
(155, '1998-11-05', 2, '36600'),
(155, '1998-11-05', 3, '754000'),
(155, '1998-11-05', 4, '9150'),
(155, '1998-11-05', 5, '441000'),
(155, '1998-11-05', 6, '20860'),
(155, '1999-09-15', 1, '5'),
(155, '1999-09-15', 2, '44700'),
(155, '1999-09-15', 3, '721000'),
(155, '1999-09-15', 4, '12875'),
(155, '1999-09-15', 5, '646000'),
(155, '1999-09-15', 6, '27017'),
(156, '2005-12-09', 1, '2,7'),
(156, '2005-12-09', 2, '15800'),
(156, '2005-12-09', 3, '375000'),
(156, '2008-08-27', 1, '5'),
(156, '2008-08-27', 2, '43700'),
(156, '2008-08-27', 3, '545000'),
(158, '1987-11-07', 1, '4,6'),
(158, '1987-11-07', 2, '4800'),
(158, '1987-11-07', 3, '200000'),
(158, '1987-11-07', 4, '2400'),
(158, '1987-11-07', 5, '350000'),
(158, '1987-11-07', 6, '1800'),
(158, '1995-01-05', 1, '8'),
(158, '1995-01-05', 2, '29900'),
(158, '1995-01-05', 3, '316000'),
(158, '1995-01-05', 4, '7988'),
(158, '1995-01-05', 5, '446200'),
(158, '1995-01-05', 6, '7015'),
(159, '1988-02-01', 1, '3,8'),
(159, '1988-02-01', 3, '290000'),
(159, '1988-02-01', 5, '494000'),
(159, '2002-09-19', 1, '5'),
(159, '2002-09-19', 3, '545000'),
(159, '2002-09-19', 5, '908600'),
(161, '1999-10-12', 1, '4,6'),
(161, '1999-10-12', 3, '230000'),
(161, '1999-10-12', 5, '114000'),
(161, '1999-10-12', 6, '5800'),
(161, '1999-11-24', 1, '8'),
(161, '1999-11-24', 3, '624000'),
(161, '1999-11-24', 5, '45100'),
(161, '1999-11-24', 6, '7527'),
(162, '2004-04-17', 1, '3,9'),
(162, '2006-03-29', 1, '0'),
(163, '1994-09-19', 1, '4,7'),
(163, '1994-09-19', 3, '356000'),
(163, '1994-09-19', 5, '210000'),
(163, '2004-08-01', 1, '4'),
(163, '2004-08-01', 3, '974000'),
(163, '2004-08-01', 5, '289700'),
(164, '2002-08-21', 1, '5,2'),
(164, '2002-08-21', 2, '1400'),
(164, '2002-08-21', 3, '110000'),
(164, '2002-08-21', 6, '280'),
(164, '2006-08-22', 1, '10'),
(164, '2006-08-22', 2, '9600'),
(164, '2006-08-22', 3, '412000'),
(164, '2006-08-22', 6, '7466'),
(165, '2005-08-19', 1, '5,5'),
(165, '2005-08-19', 5, '656000'),
(165, '2008-09-10', 1, '13'),
(165, '2008-09-10', 5, '839300'),
(166, '2002-07-23', 1, '5'),
(166, '2007-10-22', 1, '1'),
(168, '2007-11-11', 1, '8,8'),
(168, '2007-11-11', 2, '27600'),
(168, '2007-11-11', 3, '34000'),
(168, '2007-11-11', 4, '12140'),
(168, '2007-11-11', 5, '353000'),
(168, '2007-11-11', 6, '7180'),
(168, '2008-10-02', 1, '3'),
(168, '2008-10-02', 2, '9200'),
(168, '2008-10-02', 3, '1076000'),
(168, '2008-10-02', 4, '14322'),
(168, '2008-10-02', 5, '279500'),
(168, '2008-10-02', 6, '15910'),
(170, '2002-09-16', 1, '5,8'),
(170, '2002-09-16', 2, '11000'),
(170, '2002-09-16', 3, '339000'),
(170, '2002-09-16', 5, '291200'),
(170, '2008-06-25', 1, '8'),
(170, '2008-06-25', 2, '9200'),
(170, '2008-06-25', 3, '281000'),
(170, '2008-06-25', 5, '358300'),
(171, '2008-07-03', 1, '6,1'),
(171, '2008-07-03', 2, '11500'),
(171, '2008-07-03', 3, '320000'),
(171, '2008-07-03', 5, '316000'),
(171, '2008-11-05', 1, '0'),
(171, '2008-11-05', 2, '44900'),
(171, '2008-11-05', 3, '773000'),
(171, '2008-11-05', 5, '373000'),
(173, '2003-03-28', 1, '8,6'),
(173, '2003-03-28', 2, '34900'),
(173, '2003-03-28', 3, '773000'),
(173, '2003-03-28', 5, '152000'),
(173, '2003-03-28', 6, '27900'),
(173, '2003-11-05', 1, '12'),
(173, '2003-11-05', 2, '16900'),
(173, '2003-11-05', 3, '494000'),
(173, '2003-11-05', 5, '671100'),
(173, '2003-11-05', 6, '1418'),
(174, '1994-05-31', 1, '5'),
(174, '1994-05-31', 3, '390000'),
(174, '1994-05-31', 5, '200000'),
(174, '1994-05-31', 6, '3900'),
(174, '1994-07-06', 1, '2'),
(174, '1994-07-06', 3, '381000'),
(174, '1994-07-06', 5, '491100'),
(174, '1994-07-06', 6, '556'),
(175, '1990-04-10', 1, '5,4'),
(175, '1990-04-10', 2, '11900'),
(175, '1990-04-10', 3, '300000'),
(175, '1990-04-10', 4, '3094'),
(175, '1990-04-10', 5, '159500'),
(175, '1990-04-10', 6, '7735'),
(175, '1991-10-25', 1, '12'),
(175, '1991-10-25', 2, '14500'),
(175, '1991-10-25', 3, '255000'),
(175, '1991-10-25', 4, '15660'),
(175, '1991-10-25', 5, '436000'),
(175, '1991-10-25', 6, '13577'),
(176, '2003-09-30', 1, '7'),
(176, '2003-09-30', 2, '12300'),
(176, '2003-09-30', 3, '328000'),
(176, '2003-09-30', 4, '2091'),
(176, '2003-09-30', 5, '60000'),
(176, '2003-09-30', 6, '8979'),
(176, '2004-05-27', 1, '4'),
(176, '2004-05-27', 2, '0'),
(176, '2004-05-27', 3, '716000'),
(176, '2004-05-27', 4, '9799'),
(176, '2004-05-27', 5, '278100'),
(176, '2004-05-27', 6, '14578'),
(178, '2001-01-31', 1, '4,8'),
(178, '2001-01-31', 2, '23700'),
(178, '2001-01-31', 3, '350000'),
(178, '2001-01-31', 5, '195960'),
(178, '2001-01-31', 6, '11000'),
(178, '2003-10-23', 1, '2'),
(178, '2003-10-23', 2, '28600'),
(178, '2003-10-23', 3, '880000'),
(178, '2003-10-23', 5, '317300'),
(178, '2003-10-23', 6, '29508'),
(179, '2002-01-18', 1, '3,6'),
(179, '2002-01-18', 2, '18100'),
(179, '2002-01-18', 3, '475000'),
(179, '2002-01-18', 4, '6588'),
(179, '2002-01-18', 5, '442000'),
(179, '2002-01-18', 6, '10172'),
(179, '2006-11-20', 1, '7'),
(179, '2006-11-20', 2, '46900'),
(179, '2006-11-20', 3, '24000'),
(179, '2006-11-20', 4, '15746'),
(179, '2006-11-20', 5, '469200'),
(179, '2006-11-20', 6, '21238'),
(180, '2004-04-09', 1, '5,9'),
(180, '2004-04-09', 2, '4600'),
(180, '2004-04-09', 3, '224000'),
(180, '2004-04-09', 4, '830'),
(180, '2004-04-09', 5, '200000'),
(180, '2004-04-09', 6, '3270'),
(180, '2005-08-08', 1, '0'),
(180, '2005-08-08', 2, '200'),
(180, '2005-08-08', 3, '120000'),
(180, '2005-08-08', 4, '13062'),
(180, '2005-08-08', 5, '332900'),
(180, '2005-08-08', 6, '6161'),
(181, '2002-04-12', 1, '11'),
(181, '2002-04-12', 2, '48600'),
(181, '2002-04-12', 3, '104000'),
(181, '2002-04-12', 4, '13862'),
(181, '2002-04-12', 5, '607200'),
(181, '2002-04-12', 6, '1605'),
(181, '2002-12-26', 1, '4'),
(181, '2002-12-26', 2, '15800'),
(181, '2002-12-26', 3, '366000'),
(181, '2002-12-26', 4, '3160'),
(181, '2002-12-26', 5, '97000'),
(181, '2002-12-26', 6, '11060'),
(182, '2004-11-10', 1, '5,1'),
(182, '2004-11-10', 2, '8600'),
(182, '2004-11-10', 3, '317000'),
(182, '2004-11-10', 4, '1300'),
(182, '2004-11-10', 5, '92800'),
(182, '2004-11-10', 6, '6500'),
(182, '2008-03-19', 1, '9'),
(182, '2008-03-19', 2, '35800'),
(182, '2008-03-19', 3, '433000'),
(182, '2008-03-19', 4, '509'),
(182, '2008-03-19', 5, '281400'),
(182, '2008-03-19', 6, '28267'),
(183, '2006-06-13', 1, '4'),
(183, '2007-02-13', 1, '7'),
(184, '2002-07-15', 1, '4,4'),
(184, '2002-07-15', 2, '7000'),
(184, '2002-07-15', 5, '406000'),
(184, '2002-07-15', 6, '4480'),
(184, '2005-08-17', 1, '2'),
(184, '2005-08-17', 2, '25000'),
(184, '2005-08-17', 5, '680100'),
(184, '2005-08-17', 6, '25179'),
(185, '2005-05-03', 1, '7,3'),
(185, '2005-05-03', 5, '68000'),
(185, '2005-06-29', 1, '8'),
(185, '2005-06-29', 5, '252600'),
(186, '2006-04-03', 1, '10,8'),
(186, '2006-04-03', 2, '8900'),
(186, '2006-04-03', 3, '2000'),
(186, '2008-07-02', 1, '2'),
(186, '2008-07-02', 2, '21400'),
(186, '2008-07-02', 3, '154000'),
(187, '2006-04-02', 1, '8,9'),
(187, '2006-04-02', 2, '7100'),
(187, '2006-04-02', 3, '153000'),
(187, '2006-04-02', 5, '47000'),
(187, '2006-04-13', 1, '13'),
(187, '2006-04-13', 2, '36700'),
(187, '2006-04-13', 3, '418000'),
(187, '2006-04-13', 5, '919400'),
(188, '2002-07-25', 1, '3,5'),
(188, '2002-07-25', 2, '16500'),
(188, '2002-07-25', 3, '47000'),
(188, '2002-07-25', 5, '381000'),
(188, '2002-07-25', 6, '4700'),
(188, '2008-06-10', 1, '3'),
(188, '2008-06-10', 2, '21500'),
(188, '2008-06-10', 3, '1051000'),
(188, '2008-06-10', 5, '44800'),
(188, '2008-06-10', 6, '11499'),
(189, '2006-04-24', 1, '7,6'),
(189, '2006-04-24', 2, '8690'),
(189, '2006-04-24', 3, '539000'),
(189, '2006-04-24', 4, '510'),
(189, '2006-04-24', 5, '348000'),
(189, '2006-04-24', 6, '7560'),
(189, '2008-05-21', 1, '6'),
(189, '2008-05-21', 2, '17000'),
(189, '2008-05-21', 3, '576000'),
(189, '2008-05-21', 4, '10673'),
(189, '2008-05-21', 5, '665400'),
(189, '2008-05-21', 6, '7705'),
(190, '2005-06-01', 1, '10,2'),
(190, '2005-06-01', 3, '21000'),
(190, '2005-06-01', 5, '259000'),
(190, '2008-09-24', 1, '8'),
(190, '2008-09-24', 3, '357000'),
(190, '2008-09-24', 5, '809600'),
(191, '2004-03-23', 1, '5,7'),
(191, '2004-03-23', 3, '567000'),
(191, '2004-03-23', 4, '7800'),
(191, '2004-03-23', 5, '74000'),
(191, '2004-03-23', 6, '18000'),
(191, '2007-11-07', 1, '6'),
(191, '2007-11-07', 3, '844000'),
(191, '2007-11-07', 4, '13978'),
(191, '2007-11-07', 5, '734400'),
(191, '2007-11-07', 6, '17628'),
(192, '2005-03-15', 1, '9,8'),
(192, '2005-03-15', 2, '12500'),
(192, '2005-03-15', 3, '605000'),
(192, '2005-07-13', 1, '4'),
(192, '2005-07-13', 2, '19500'),
(192, '2005-07-13', 3, '187000'),
(194, '2006-03-20', 1, '8,7'),
(194, '2006-03-20', 2, '3100'),
(194, '2006-03-20', 3, '89000'),
(194, '2006-03-20', 6, '40'),
(194, '2008-10-23', 1, '5'),
(194, '2008-10-23', 2, '14800'),
(194, '2008-10-23', 3, '323000'),
(194, '2008-10-23', 6, '19092'),
(195, '2004-03-13', 2, '1600'),
(195, '2004-03-13', 3, '8000'),
(195, '2006-10-30', 2, '25800'),
(195, '2006-10-30', 3, '62000'),
(196, '2001-02-27', 1, '8'),
(196, '2002-11-13', 1, '9'),
(197, '1999-08-02', 1, '9'),
(197, '1999-08-02', 2, '1940'),
(197, '1999-08-02', 3, '42000'),
(197, '1999-08-02', 5, '30000'),
(197, '1999-08-02', 6, '510'),
(197, '2005-05-25', 1, '10'),
(197, '2005-05-25', 2, '40600'),
(197, '2005-05-25', 3, '132000'),
(197, '2005-05-25', 5, '857200'),
(197, '2005-05-25', 6, '4696'),
(198, '2004-08-23', 1, '4,5'),
(198, '2004-08-23', 2, '10700'),
(198, '2004-08-23', 3, '403000'),
(198, '2004-08-23', 5, '293000'),
(198, '2007-03-07', 1, '1'),
(198, '2007-03-07', 2, '45700'),
(198, '2007-03-07', 3, '245000'),
(198, '2007-03-07', 5, '730100'),
(199, '2003-01-10', 1, '8,8'),
(199, '2003-01-10', 2, '13700'),
(199, '2003-01-10', 3, '330000'),
(199, '2003-01-10', 4, '2877'),
(199, '2003-01-10', 5, '460000'),
(199, '2003-01-10', 6, '9316'),
(199, '2008-10-25', 1, '10'),
(199, '2008-10-25', 2, '37000'),
(199, '2008-10-25', 3, '374000'),
(199, '2008-10-25', 4, '13007'),
(199, '2008-10-25', 5, '559600'),
(199, '2008-10-25', 6, '243'),
(200, '2003-02-27', 1, '6,2'),
(200, '2003-02-27', 2, '5800'),
(200, '2003-02-27', 3, '191000'),
(200, '2003-02-27', 5, '348000'),
(200, '2003-02-27', 6, '1160'),
(200, '2007-07-11', 1, '7'),
(200, '2007-07-11', 2, '28400'),
(200, '2007-07-11', 3, '914000'),
(200, '2007-07-11', 5, '210000'),
(200, '2007-07-11', 6, '27592'),
(201, '2008-02-14', 1, '6,2'),
(201, '2008-02-14', 2, '2390'),
(201, '2008-02-14', 3, '104000'),
(201, '2008-02-14', 4, '30'),
(201, '2008-02-14', 5, '9130'),
(201, '2008-02-14', 6, '1210'),
(201, '2008-09-17', 1, '11'),
(201, '2008-09-17', 2, '600'),
(201, '2008-09-17', 3, '566000'),
(201, '2008-09-17', 4, '477'),
(201, '2008-09-17', 5, '892600'),
(201, '2008-09-17', 6, '6268'),
(202, '2004-05-21', 1, '10'),
(202, '2004-05-21', 2, '5970'),
(202, '2004-05-21', 3, '3000'),
(202, '2004-05-21', 4, '2750');
INSERT INTO `rel_patient_biologie` (`NUMPAT`, `DATEXAM`, `NUMEXAM`, `RES`) VALUES
(202, '2004-05-21', 5, '147000'),
(202, '2004-05-21', 6, '1970'),
(202, '2007-08-01', 1, '9'),
(202, '2007-08-01', 2, '700'),
(202, '2007-08-01', 3, '457000'),
(202, '2007-08-01', 4, '11714'),
(202, '2007-08-01', 5, '451700'),
(202, '2007-08-01', 6, '20518'),
(203, '2005-03-29', 1, '8,9'),
(203, '2005-03-29', 2, '24500'),
(203, '2005-03-29', 3, '55000'),
(203, '2005-03-29', 4, '2500'),
(203, '2005-03-29', 6, '19400'),
(203, '2007-07-31', 1, '1'),
(203, '2007-07-31', 2, '56400'),
(203, '2007-07-31', 3, '854000'),
(203, '2007-07-31', 4, '16135'),
(203, '2007-07-31', 6, '8004'),
(204, '1990-03-12', 1, '5,2'),
(204, '1990-03-12', 2, '19200'),
(204, '1990-03-12', 3, '86000'),
(204, '1990-03-12', 4, '6720'),
(204, '1990-03-12', 5, '62000'),
(204, '1990-03-12', 6, '12288'),
(204, '1993-12-27', 1, '11'),
(204, '1993-12-27', 2, '56600'),
(204, '1993-12-27', 3, '593000'),
(204, '1993-12-27', 4, '8002'),
(204, '1993-12-27', 5, '646700'),
(204, '1993-12-27', 6, '18119'),
(206, '2001-01-18', 1, '6,4'),
(206, '2001-01-18', 3, '302000'),
(206, '2001-01-18', 5, '382000'),
(206, '2001-01-18', 6, '7500'),
(206, '2001-02-28', 1, '8'),
(206, '2001-02-28', 3, '1091000'),
(206, '2001-02-28', 5, '706600'),
(206, '2001-02-28', 6, '1794'),
(207, '2008-03-30', 1, '4,6'),
(207, '2008-10-14', 1, '1'),
(208, '2000-05-15', 1, '5,9'),
(208, '2000-05-15', 2, '17400'),
(208, '2000-05-15', 3, '352000'),
(208, '2000-05-15', 4, '9814'),
(208, '2000-05-15', 5, '40000'),
(208, '2000-05-15', 6, '6403'),
(208, '2006-03-27', 1, '4'),
(208, '2006-03-27', 2, '47100'),
(208, '2006-03-27', 3, '977000'),
(208, '2006-03-27', 4, '6773'),
(208, '2006-03-27', 5, '17300'),
(208, '2006-03-27', 6, '14919'),
(209, '2000-09-12', 1, '11,3'),
(209, '2000-09-12', 2, '4100'),
(209, '2000-09-12', 3, '9000'),
(209, '2000-09-12', 4, '3280'),
(209, '2000-09-12', 5, '988000'),
(209, '2000-09-12', 6, '200'),
(209, '2007-02-16', 1, '2'),
(209, '2007-02-16', 2, '59800'),
(209, '2007-02-16', 3, '198000'),
(209, '2007-02-16', 4, '10890'),
(209, '2007-02-16', 5, '620700'),
(209, '2007-02-16', 6, '19315'),
(210, '1997-12-14', 1, '4,5'),
(210, '1997-12-14', 3, '425000'),
(210, '1997-12-14', 5, '50000'),
(210, '1997-12-14', 6, '12200'),
(210, '1998-01-29', 1, '0'),
(210, '1998-01-29', 3, '283000'),
(210, '1998-01-29', 5, '77500'),
(210, '1998-01-29', 6, '6895'),
(211, '2004-09-02', 1, '4,4'),
(211, '2004-09-02', 2, '10300'),
(211, '2004-09-02', 3, '199000'),
(211, '2004-09-02', 4, '3610'),
(211, '2004-09-02', 5, '519000'),
(211, '2004-09-02', 6, '4530'),
(211, '2008-05-07', 1, '3'),
(211, '2008-05-07', 2, '32300'),
(211, '2008-05-07', 3, '401000'),
(211, '2008-05-07', 4, '1719'),
(211, '2008-05-07', 5, '123600'),
(211, '2008-05-07', 6, '15500'),
(212, '2002-04-17', 1, '10'),
(212, '2003-03-03', 1, '13'),
(213, '2006-09-10', 1, '9,3'),
(213, '2006-09-10', 2, '5500'),
(213, '2006-09-10', 3, '457000'),
(213, '2006-09-10', 4, '2420'),
(213, '2006-09-10', 5, '265000'),
(213, '2006-09-10', 6, '660'),
(213, '2008-10-22', 1, '6'),
(213, '2008-10-22', 2, '59900'),
(213, '2008-10-22', 3, '128000'),
(213, '2008-10-22', 4, '9709'),
(213, '2008-10-22', 5, '774600'),
(213, '2008-10-22', 6, '16824'),
(214, '2004-07-27', 1, '9,4'),
(214, '2006-02-07', 1, '3'),
(215, '2007-10-11', 1, '2,3'),
(215, '2007-10-25', 1, '7'),
(216, '2007-01-24', 1, '9,2'),
(216, '2007-01-24', 2, '23100'),
(216, '2007-01-24', 3, '796000'),
(216, '2007-01-24', 4, '4850'),
(216, '2007-01-24', 5, '51750'),
(216, '2007-01-24', 6, '17560'),
(216, '2008-06-18', 1, '2'),
(216, '2008-06-18', 2, '49500'),
(216, '2008-06-18', 3, '164000'),
(216, '2008-06-18', 4, '8355'),
(216, '2008-06-18', 5, '224900'),
(216, '2008-06-18', 6, '14089'),
(217, '2001-09-13', 1, '9,3'),
(217, '2001-09-13', 2, '8600'),
(217, '2001-09-13', 3, '343000'),
(217, '2001-09-13', 5, '461000'),
(217, '2006-06-29', 1, '10'),
(217, '2006-06-29', 2, '33600'),
(217, '2006-06-29', 3, '129000'),
(217, '2006-06-29', 5, '636300'),
(218, '2005-10-03', 1, '5,1'),
(218, '2005-10-03', 2, '60000'),
(218, '2005-10-03', 3, '671000'),
(218, '2005-10-03', 5, '362500'),
(218, '2007-10-11', 1, '6'),
(218, '2007-10-11', 2, '35700'),
(218, '2007-10-11', 3, '554000'),
(218, '2007-10-11', 5, '626500'),
(219, '1996-11-12', 1, '4,4'),
(219, '1996-11-12', 3, '457000'),
(219, '1996-11-12', 5, '319000'),
(219, '1996-11-12', 6, '1196'),
(219, '2007-03-08', 1, '7'),
(219, '2007-03-08', 3, '129000'),
(219, '2007-03-08', 5, '450100'),
(219, '2007-03-08', 6, '15398'),
(221, '2001-12-10', 1, '10,6'),
(221, '2001-12-10', 2, '34600'),
(221, '2001-12-10', 3, '597000'),
(221, '2001-12-10', 4, '2300'),
(221, '2001-12-10', 6, '29300'),
(221, '2006-10-25', 1, '10'),
(221, '2006-10-25', 2, '6900'),
(221, '2006-10-25', 3, '643000'),
(221, '2006-10-25', 4, '3724'),
(221, '2006-10-25', 6, '22004'),
(222, '2004-04-21', 1, '5,1'),
(222, '2004-04-21', 2, '21400'),
(222, '2004-04-21', 3, '400000'),
(222, '2004-04-21', 4, '7704'),
(222, '2004-04-21', 5, '15000'),
(222, '2004-04-21', 6, '15000'),
(222, '2004-05-10', 1, '13'),
(222, '2004-05-10', 2, '44600'),
(222, '2004-05-10', 3, '232000'),
(222, '2004-05-10', 4, '4602'),
(222, '2004-05-10', 5, '451100'),
(222, '2004-05-10', 6, '24795'),
(223, '2007-06-23', 1, '8,2'),
(223, '2007-06-23', 2, '4200'),
(223, '2007-06-23', 3, '44000'),
(223, '2007-06-23', 4, '1260'),
(223, '2007-06-23', 5, '4000'),
(223, '2007-06-23', 6, '2016'),
(223, '2008-09-03', 1, '6'),
(223, '2008-09-03', 2, '5700'),
(223, '2008-09-03', 3, '551000'),
(223, '2008-09-03', 4, '1906'),
(223, '2008-09-03', 5, '343700'),
(223, '2008-09-03', 6, '18023'),
(224, '1998-04-18', 1, '3,7'),
(224, '1998-04-18', 3, '365000'),
(224, '1998-04-18', 5, '290000'),
(224, '1998-04-18', 6, '16000'),
(224, '1998-11-05', 1, '0'),
(224, '1998-11-05', 3, '443000'),
(224, '1998-11-05', 5, '156300'),
(224, '1998-11-05', 6, '25410'),
(225, '2005-10-05', 1, '2,6'),
(225, '2005-10-05', 2, '22000'),
(225, '2005-10-05', 3, '439000'),
(225, '2007-03-21', 1, '10'),
(225, '2007-03-21', 2, '38900'),
(225, '2007-03-21', 3, '451000'),
(228, '1992-02-21', 1, '7,4'),
(228, '1992-02-21', 3, '580000'),
(228, '1992-02-21', 5, '450000'),
(228, '1992-02-21', 6, '8340'),
(228, '2000-01-17', 1, '3'),
(228, '2000-01-17', 3, '780000'),
(228, '2000-01-17', 5, '679300'),
(228, '2000-01-17', 6, '15690'),
(230, '2008-03-10', 1, '7'),
(230, '2008-03-10', 2, '15000'),
(230, '2008-03-10', 3, '400000'),
(230, '2008-03-10', 5, '212000'),
(230, '2008-05-06', 1, '8'),
(230, '2008-05-06', 2, '31600'),
(230, '2008-05-06', 3, '503000'),
(230, '2008-05-06', 5, '962100'),
(231, '1995-08-23', 1, '6,4'),
(231, '1995-08-23', 3, '154000'),
(231, '1995-08-23', 5, '500000'),
(231, '1995-08-23', 6, '10000'),
(231, '2003-06-12', 1, '3'),
(231, '2003-06-12', 3, '285000'),
(231, '2003-06-12', 5, '533300'),
(231, '2003-06-12', 6, '24475'),
(232, '2006-10-17', 1, '4,8'),
(232, '2006-10-17', 2, '14000'),
(232, '2006-10-17', 3, '388000'),
(232, '2006-10-17', 5, '323000'),
(232, '2007-09-18', 1, '5'),
(232, '2007-09-18', 2, '58400'),
(232, '2007-09-18', 3, '340000'),
(232, '2007-09-18', 5, '51000'),
(233, '2007-10-01', 1, '7,6'),
(233, '2008-10-24', 1, '12'),
(235, '2002-01-25', 1, '9,4'),
(235, '2002-01-25', 2, '1999'),
(235, '2002-01-25', 3, '77000'),
(235, '2002-01-25', 4, '920'),
(235, '2002-01-25', 6, '980'),
(235, '2004-06-21', 1, '12'),
(235, '2004-06-21', 2, '28000'),
(235, '2004-06-21', 3, '729000'),
(235, '2004-06-21', 4, '16447'),
(235, '2004-06-21', 6, '12146'),
(236, '2004-11-17', 1, '9,9'),
(236, '2004-11-17', 2, '1800'),
(236, '2004-11-17', 3, '1000'),
(236, '2004-11-17', 4, '1180'),
(236, '2004-11-17', 6, '30'),
(236, '2006-07-05', 1, '8'),
(236, '2006-07-05', 2, '37700'),
(236, '2006-07-05', 3, '599000'),
(236, '2006-07-05', 4, '14853'),
(236, '2006-07-05', 6, '26716'),
(237, '1997-02-27', 1, '10,3'),
(237, '1997-02-27', 3, '233000'),
(237, '1997-02-27', 5, '200000'),
(237, '1997-02-27', 6, '3500'),
(237, '1997-05-08', 1, '11'),
(237, '1997-05-08', 3, '667000'),
(237, '1997-05-08', 5, '944100'),
(237, '1997-05-08', 6, '22229'),
(238, '1999-04-03', 1, '4,1'),
(238, '1999-04-03', 5, '100500'),
(238, '2001-06-06', 1, '13'),
(238, '2001-06-06', 5, '56200'),
(239, '2006-10-26', 1, '9,2'),
(239, '2006-10-26', 2, '6870'),
(239, '2006-10-26', 3, '36000'),
(239, '2006-10-26', 4, '5910'),
(239, '2006-10-26', 5, '88200'),
(239, '2006-10-26', 6, '550'),
(240, '2002-06-07', 1, '5,1'),
(240, '2002-06-07', 2, '8100'),
(240, '2002-06-07', 3, '436000'),
(240, '2002-06-07', 5, '275000'),
(240, '2007-08-29', 1, '1'),
(240, '2007-08-29', 2, '1900'),
(240, '2007-08-29', 3, '184000'),
(240, '2007-08-29', 5, '776800'),
(241, '2004-03-02', 1, '5,4'),
(241, '2004-03-02', 2, '16900'),
(241, '2004-03-02', 3, '97000'),
(241, '2004-03-02', 4, '4732'),
(241, '2004-03-02', 5, '413000'),
(241, '2004-03-02', 6, '10478'),
(241, '2008-09-29', 1, '7'),
(241, '2008-09-29', 2, '37400'),
(241, '2008-09-29', 3, '754000'),
(241, '2008-09-29', 4, '1855'),
(241, '2008-09-29', 5, '121800'),
(241, '2008-09-29', 6, '20683'),
(244, '2004-12-13', 1, '6,3'),
(244, '2004-12-13', 2, '13200'),
(244, '2004-12-13', 3, '172000'),
(244, '2004-12-13', 5, '47000'),
(244, '2007-01-25', 1, '2'),
(244, '2007-01-25', 2, '20600'),
(244, '2007-01-25', 3, '318000'),
(244, '2007-01-25', 5, '52100'),
(245, '2005-02-17', 1, '8'),
(245, '2005-02-17', 2, '23200'),
(245, '2005-02-17', 3, '413000'),
(245, '2005-02-17', 6, '17800'),
(245, '2005-09-07', 1, '7'),
(245, '2005-09-07', 2, '49700'),
(245, '2005-09-07', 3, '89000'),
(245, '2005-09-07', 6, '17485'),
(247, '1998-02-05', 1, '4'),
(247, '1998-02-05', 3, '694000'),
(247, '1998-02-05', 5, '238000'),
(247, '1998-02-05', 6, '20000'),
(247, '1999-10-01', 1, '12'),
(247, '1999-10-01', 3, '517000'),
(247, '1999-10-01', 5, '803900'),
(247, '1999-10-01', 6, '19680'),
(248, '1995-07-20', 1, '5,6'),
(248, '1995-07-20', 2, '15900'),
(248, '1995-07-20', 3, '418000'),
(248, '1995-07-20', 4, '1910'),
(248, '1995-07-20', 5, '48000'),
(248, '1995-07-20', 6, '13200'),
(248, '1997-04-08', 1, '6'),
(248, '1997-04-08', 2, '59500'),
(248, '1997-04-08', 3, '547000'),
(248, '1997-04-08', 4, '7537'),
(248, '1997-04-08', 5, '682500'),
(248, '1997-04-08', 6, '938'),
(249, '1999-09-19', 1, '8,8'),
(249, '1999-09-19', 3, '123000'),
(249, '1999-09-19', 5, '168148'),
(249, '1999-09-19', 6, '2331'),
(249, '2004-09-15', 1, '5'),
(249, '2004-09-15', 3, '77000'),
(249, '2004-09-15', 5, '469300'),
(249, '2004-09-15', 6, '22348'),
(250, '2003-06-18', 1, '6,5'),
(250, '2008-02-21', 1, '13'),
(252, '2003-10-07', 1, '5,6'),
(252, '2003-10-07', 2, '1900'),
(252, '2003-10-07', 3, '484000'),
(252, '2003-10-07', 4, '475'),
(252, '2003-10-07', 6, '1235'),
(252, '2004-06-08', 1, '7'),
(252, '2004-06-08', 2, '50500'),
(252, '2004-06-08', 3, '206000'),
(252, '2004-06-08', 4, '14080'),
(252, '2004-06-08', 6, '10513'),
(253, '1986-06-30', 1, '10,6'),
(253, '1986-06-30', 2, '6100'),
(253, '1986-06-30', 3, '192000'),
(253, '1986-06-30', 4, '4270'),
(253, '1986-06-30', 6, '1098'),
(253, '2007-09-17', 1, '13'),
(253, '2007-09-17', 2, '16700'),
(253, '2007-09-17', 3, '647000'),
(253, '2007-09-17', 4, '4652'),
(253, '2007-09-17', 6, '16804'),
(254, '1990-10-13', 1, '8,3'),
(254, '1990-10-13', 2, '22700'),
(254, '1990-10-13', 3, '15000'),
(254, '1990-10-13', 4, '5448'),
(254, '1990-10-13', 5, '390000'),
(254, '1990-10-13', 6, '14000'),
(254, '2004-06-18', 1, '10'),
(254, '2004-06-18', 2, '37500'),
(254, '2004-06-18', 3, '56000'),
(254, '2004-06-18', 4, '19216'),
(254, '2004-06-18', 5, '392700'),
(254, '2004-06-18', 6, '28379'),
(255, '2006-05-12', 1, '4,2'),
(255, '2006-05-12', 2, '9400'),
(255, '2006-05-12', 3, '391000'),
(255, '2006-05-12', 4, '6500'),
(255, '2006-05-12', 5, '41000'),
(255, '2006-05-12', 6, '1809'),
(255, '2008-06-10', 1, '3'),
(255, '2008-06-10', 2, '30300'),
(255, '2008-06-10', 3, '842000'),
(255, '2008-06-10', 4, '16304'),
(255, '2008-06-10', 5, '638000'),
(255, '2008-06-10', 6, '11214'),
(256, '2005-03-30', 1, '7,8'),
(256, '2005-03-30', 2, '4420'),
(256, '2005-03-30', 3, '3000'),
(256, '2005-03-30', 4, '796'),
(256, '2005-03-30', 5, '370000'),
(256, '2005-03-30', 6, '3448'),
(256, '2006-06-08', 1, '9'),
(256, '2006-06-08', 2, '11900'),
(256, '2006-06-08', 3, '630000'),
(256, '2006-06-08', 4, '8583'),
(256, '2006-06-08', 5, '589000'),
(256, '2006-06-08', 6, '12788'),
(257, '2008-04-10', 1, '9,3'),
(257, '2008-04-10', 3, '9000'),
(257, '2008-04-10', 4, '560'),
(257, '2008-04-10', 5, '135000'),
(257, '2008-09-10', 1, '13'),
(257, '2008-09-10', 3, '852000'),
(257, '2008-09-10', 4, '4895'),
(257, '2008-09-10', 5, '828900'),
(258, '1991-05-01', 1, '4,7'),
(258, '1991-05-01', 2, '3900'),
(258, '1991-05-01', 3, '350000'),
(258, '1991-05-01', 5, '12800'),
(258, '2004-04-16', 1, '13'),
(258, '2004-04-16', 2, '33500'),
(258, '2004-04-16', 3, '673000'),
(258, '2004-04-16', 5, '207700'),
(259, '1997-02-08', 1, '3,5'),
(259, '1997-02-08', 3, '336000'),
(259, '1997-02-08', 5, '17910'),
(259, '1997-02-08', 6, '17340'),
(259, '1997-05-12', 1, '1'),
(259, '1997-05-12', 3, '731000'),
(259, '1997-05-12', 5, '840000'),
(259, '1997-05-12', 6, '3826'),
(260, '1997-02-01', 1, '6,1'),
(260, '2005-01-19', 1, '4'),
(261, '2001-05-30', 1, '9,7'),
(261, '2001-05-30', 3, '20000'),
(261, '2001-05-30', 5, '150000'),
(261, '2001-10-03', 1, '9'),
(261, '2001-10-03', 3, '152000'),
(261, '2001-10-03', 5, '427400'),
(262, '2006-02-03', 1, '4,3'),
(262, '2007-10-02', 1, '4'),
(263, '2004-10-01', 1, '7,4'),
(263, '2007-02-13', 1, '5'),
(264, '1998-06-19', 1, '7,6'),
(264, '1998-06-19', 2, '5000'),
(264, '1998-06-19', 3, '132000'),
(264, '1998-06-19', 5, '99300'),
(264, '2006-06-16', 1, '9'),
(264, '2006-06-16', 2, '39400'),
(264, '2006-06-16', 3, '935000'),
(264, '2006-06-16', 5, '47900'),
(266, '2000-04-30', 1, '3,6'),
(266, '2000-04-30', 3, '536000'),
(266, '2000-04-30', 5, '32000'),
(266, '2000-04-30', 6, '9560'),
(266, '2000-09-01', 1, '1'),
(266, '2000-09-01', 3, '389000'),
(266, '2000-09-01', 5, '133300'),
(266, '2000-09-01', 6, '20711'),
(267, '2006-12-30', 1, '7,4'),
(267, '2006-12-30', 2, '8300'),
(267, '2006-12-30', 3, '119000'),
(267, '2006-12-30', 4, '1830'),
(267, '2006-12-30', 5, '290000'),
(267, '2006-12-30', 6, '5980'),
(267, '2008-10-16', 1, '1'),
(267, '2008-10-16', 2, '20500'),
(267, '2008-10-16', 3, '1027000'),
(267, '2008-10-16', 4, '10276'),
(267, '2008-10-16', 5, '225500'),
(267, '2008-10-16', 6, '20371'),
(269, '2001-12-25', 1, '4,1'),
(269, '2001-12-25', 2, '7600'),
(269, '2001-12-25', 3, '2000'),
(269, '2001-12-25', 4, '1900'),
(269, '2001-12-25', 5, '261000'),
(269, '2001-12-25', 6, '3700'),
(269, '2004-05-26', 1, '3'),
(269, '2004-05-26', 2, '21600'),
(269, '2004-05-26', 3, '749000'),
(269, '2004-05-26', 4, '17951'),
(269, '2004-05-26', 5, '91000'),
(269, '2004-05-26', 6, '10202'),
(270, '1997-07-08', 1, '7,7'),
(270, '1997-07-08', 2, '7550'),
(270, '1997-07-08', 3, '193000'),
(270, '1997-07-08', 4, '3410'),
(270, '1997-07-08', 5, '600000'),
(270, '1997-07-08', 6, '3140'),
(270, '2007-03-19', 1, '7'),
(270, '2007-03-19', 2, '15100'),
(270, '2007-03-19', 3, '147000'),
(270, '2007-03-19', 4, '1484'),
(270, '2007-03-19', 5, '209800'),
(270, '2007-03-19', 6, '8713'),
(271, '2006-06-21', 1, '8,9'),
(271, '2006-06-21', 2, '3900'),
(271, '2006-06-21', 3, '39000'),
(271, '2006-06-21', 4, '2960'),
(271, '2006-06-21', 5, '38000'),
(271, '2006-06-21', 6, '200'),
(271, '2008-10-30', 1, '0'),
(271, '2008-10-30', 2, '9000'),
(271, '2008-10-30', 3, '742000'),
(271, '2008-10-30', 4, '4455'),
(271, '2008-10-30', 5, '983800'),
(271, '2008-10-30', 6, '20855'),
(272, '2001-02-14', 1, '3,9'),
(272, '2001-02-14', 2, '12000'),
(272, '2001-02-14', 3, '376000'),
(272, '2001-02-14', 4, '6100'),
(272, '2001-02-14', 5, '16000'),
(272, '2001-02-14', 6, '8200'),
(272, '2008-04-07', 1, '6'),
(272, '2008-04-07', 2, '17500'),
(272, '2008-04-07', 3, '421000'),
(272, '2008-04-07', 4, '19100'),
(272, '2008-04-07', 5, '485300'),
(272, '2008-04-07', 6, '9049'),
(273, '2006-12-24', 1, '3,8'),
(273, '2006-12-24', 5, '160000'),
(273, '2007-02-19', 1, '9'),
(273, '2007-02-19', 5, '123400'),
(275, '2007-08-28', 1, '6,2'),
(275, '2007-08-28', 2, '21300'),
(275, '2007-08-28', 3, '214000'),
(275, '2007-08-28', 4, '11500'),
(275, '2007-08-28', 5, '582000'),
(275, '2007-08-28', 6, '7300'),
(275, '2008-07-04', 1, '0'),
(275, '2008-07-04', 2, '59800'),
(275, '2008-07-04', 3, '1080000'),
(275, '2008-07-04', 4, '13208'),
(275, '2008-07-04', 5, '887600'),
(275, '2008-07-04', 6, '13643'),
(277, '2004-09-17', 1, '8'),
(277, '2004-09-17', 2, '10000'),
(277, '2004-09-17', 5, '605000'),
(277, '2008-10-29', 1, '2'),
(277, '2008-10-29', 2, '22400'),
(277, '2008-10-29', 5, '282000'),
(279, '1999-12-13', 1, '4,5'),
(279, '1999-12-13', 2, '5970'),
(279, '1999-12-13', 3, '327000'),
(279, '1999-12-13', 5, '27000'),
(279, '1999-12-13', 6, '1370'),
(279, '2004-09-02', 1, '0'),
(279, '2004-09-02', 2, '19200'),
(279, '2004-09-02', 3, '492000'),
(279, '2004-09-02', 5, '636800'),
(279, '2004-09-02', 6, '6880'),
(281, '1999-10-11', 1, '2,9'),
(281, '1999-10-11', 3, '403000'),
(281, '1999-10-11', 5, '190000'),
(281, '1999-10-11', 6, '11180'),
(281, '2000-04-13', 1, '3'),
(281, '2000-04-13', 3, '581000'),
(281, '2000-04-13', 5, '64300'),
(281, '2000-04-13', 6, '5286'),
(282, '2006-12-02', 1, '5'),
(282, '2006-12-02', 2, '17258'),
(282, '2006-12-02', 3, '489000'),
(282, '2006-12-02', 5, '726000'),
(282, '2006-12-02', 6, '5868'),
(282, '2007-09-11', 1, '2'),
(282, '2007-09-11', 2, '32400'),
(282, '2007-09-11', 3, '424000'),
(282, '2007-09-11', 5, '281800'),
(282, '2007-09-11', 6, '24590'),
(283, '1999-03-29', 1, '5,4'),
(283, '1999-03-29', 2, '5200'),
(283, '1999-03-29', 3, '2000'),
(283, '1999-03-29', 5, '465000'),
(283, '2004-05-07', 1, '4'),
(283, '2004-05-07', 2, '22300'),
(283, '2004-05-07', 3, '839000'),
(283, '2004-05-07', 5, '144000'),
(284, '2007-04-05', 1, '8,9'),
(284, '2007-04-05', 2, '15100'),
(284, '2007-04-05', 3, '296000'),
(284, '2007-04-05', 4, '2110'),
(284, '2007-04-05', 5, '58000'),
(284, '2007-04-05', 6, '12230'),
(284, '2008-04-05', 1, '8'),
(284, '2008-04-05', 2, '32500'),
(284, '2008-04-05', 3, '910000'),
(284, '2008-04-05', 4, '17187'),
(284, '2008-04-05', 5, '543900'),
(284, '2008-04-05', 6, '10307'),
(285, '2007-04-01', 1, '3,4'),
(285, '2007-04-01', 2, '43000'),
(285, '2007-04-01', 3, '429000'),
(285, '2007-04-01', 5, '60000'),
(285, '2007-04-24', 1, '4'),
(285, '2007-04-24', 2, '58500'),
(285, '2007-04-24', 3, '724000'),
(285, '2007-04-24', 5, '653100'),
(286, '2000-02-09', 1, '9,4'),
(286, '2000-02-09', 2, '11600'),
(286, '2000-02-09', 3, '263000'),
(286, '2000-02-09', 4, '5220'),
(286, '2000-02-09', 5, '124800'),
(286, '2000-02-09', 6, '5684'),
(286, '2000-11-29', 1, '12'),
(286, '2000-11-29', 2, '28900'),
(286, '2000-11-29', 3, '270000'),
(286, '2000-11-29', 4, '10523'),
(286, '2000-11-29', 5, '910500'),
(286, '2000-11-29', 6, '22508'),
(287, '1999-05-30', 1, '3,2'),
(287, '1999-05-30', 2, '33700'),
(287, '1999-05-30', 3, '440000'),
(287, '1999-05-30', 5, '500000'),
(287, '1999-05-30', 6, '12000'),
(287, '2005-08-01', 1, '10'),
(287, '2005-08-01', 2, '9200'),
(287, '2005-08-01', 3, '269000'),
(287, '2005-08-01', 5, '313700'),
(287, '2005-08-01', 6, '22131'),
(289, '1999-09-09', 1, '11,7'),
(289, '1999-09-09', 3, '22000'),
(289, '1999-09-09', 5, '122000'),
(289, '1999-09-09', 6, '1800'),
(289, '2004-09-09', 1, '0'),
(289, '2004-09-09', 3, '406000'),
(289, '2004-09-09', 5, '969500'),
(289, '2004-09-09', 6, '21803'),
(290, '2004-07-29', 1, '5,6'),
(290, '2004-07-29', 2, '12300'),
(290, '2004-07-29', 3, '331000'),
(290, '2004-07-29', 5, '231000'),
(290, '2008-05-27', 1, '2'),
(290, '2008-05-27', 2, '8300'),
(290, '2008-05-27', 3, '934000'),
(290, '2008-05-27', 5, '102900'),
(291, '1995-01-27', 1, '4,9'),
(291, '1995-01-27', 2, '15600'),
(291, '1995-01-27', 3, '424000'),
(291, '1995-01-27', 6, '1560'),
(291, '2004-07-12', 1, '9'),
(291, '2004-07-12', 2, '17100'),
(291, '2004-07-12', 3, '397000'),
(291, '2004-07-12', 6, '17607'),
(292, '1999-12-06', 1, '3,6'),
(292, '1999-12-06', 2, '6700'),
(292, '1999-12-06', 3, '241000'),
(292, '1999-12-06', 4, '2077'),
(292, '1999-12-06', 5, '280000'),
(292, '1999-12-06', 6, '3953'),
(292, '2008-10-08', 1, '10'),
(292, '2008-10-08', 2, '33900'),
(292, '2008-10-08', 3, '471000'),
(292, '2008-10-08', 4, '14602'),
(292, '2008-10-08', 5, '876700'),
(292, '2008-10-08', 6, '18812'),
(293, '2000-11-06', 1, '9,4'),
(293, '2000-11-06', 2, '1760'),
(293, '2000-11-06', 3, '17000'),
(293, '2000-11-06', 4, '620'),
(293, '2000-11-06', 5, '69000'),
(293, '2000-11-06', 6, '50'),
(293, '2004-03-12', 1, '3'),
(293, '2004-03-12', 2, '46000'),
(293, '2004-03-12', 3, '196000'),
(293, '2004-03-12', 4, '3978'),
(293, '2004-03-12', 5, '985300'),
(293, '2004-03-12', 6, '22304'),
(294, '2003-07-06', 1, '4,7'),
(294, '2003-07-06', 2, '31000'),
(294, '2003-07-06', 3, '545000'),
(294, '2003-07-06', 5, '78700'),
(294, '2008-01-08', 1, '8'),
(294, '2008-01-08', 2, '25900'),
(294, '2008-01-08', 3, '297000'),
(294, '2008-01-08', 5, '640100'),
(295, '2007-10-31', 1, '7,7'),
(295, '2007-10-31', 2, '20700'),
(295, '2007-10-31', 3, '700000'),
(295, '2007-10-31', 4, '10350'),
(295, '2007-10-31', 5, '152300'),
(295, '2007-10-31', 6, '9110'),
(295, '2008-05-14', 1, '0'),
(295, '2008-05-14', 2, '25600'),
(295, '2008-05-14', 3, '406000'),
(295, '2008-05-14', 4, '8562'),
(295, '2008-05-14', 5, '913800'),
(295, '2008-05-14', 6, '1365'),
(296, '2007-11-20', 1, '6,5'),
(296, '2007-11-20', 2, '7060'),
(296, '2007-11-20', 3, '465000'),
(296, '2007-11-20', 5, '266000'),
(296, '2007-11-20', 6, '3000'),
(296, '2008-05-23', 1, '9'),
(296, '2008-05-23', 2, '58900'),
(296, '2008-05-23', 3, '526000'),
(296, '2008-05-23', 5, '8300'),
(296, '2008-05-23', 6, '9816'),
(297, '2000-11-07', 1, '5'),
(297, '2000-11-07', 2, '8100'),
(297, '2000-11-07', 3, '539000'),
(297, '2000-11-07', 6, '5929'),
(297, '2008-04-14', 1, '9'),
(297, '2008-04-14', 2, '55400'),
(297, '2008-04-14', 3, '779000'),
(297, '2008-04-14', 6, '24645'),
(298, '2004-06-15', 1, '7,9'),
(298, '2004-06-15', 2, '9650'),
(298, '2004-06-15', 3, '300000'),
(298, '2004-06-15', 4, '7240'),
(298, '2004-06-15', 5, '234960'),
(298, '2004-06-15', 6, '1160'),
(298, '2004-06-27', 1, '8'),
(298, '2004-06-27', 2, '6400'),
(298, '2004-06-27', 3, '263000'),
(298, '2004-06-27', 4, '16574'),
(298, '2004-06-27', 5, '473900'),
(298, '2004-06-27', 6, '20913'),
(299, '1995-04-26', 1, '9,6'),
(299, '1995-04-26', 3, '291000'),
(299, '1995-04-26', 5, '113000'),
(299, '1995-04-26', 6, '6510'),
(299, '2001-02-08', 1, '11'),
(299, '2001-02-08', 3, '921000'),
(299, '2001-02-08', 5, '891300'),
(299, '2001-02-08', 6, '20130'),
(300, '2006-05-04', 1, '4,8'),
(300, '2006-05-04', 2, '21000'),
(300, '2006-05-04', 3, '356000'),
(300, '2006-05-04', 5, '213000'),
(300, '2006-06-13', 1, '9'),
(300, '2006-06-13', 2, '12700'),
(300, '2006-06-13', 3, '71000'),
(300, '2006-06-13', 5, '357900'),
(301, '1997-11-01', 1, '7,5'),
(301, '1997-11-01', 2, '4600'),
(301, '1997-11-01', 3, '199000'),
(301, '2005-02-08', 1, '13'),
(301, '2005-02-08', 2, '32400'),
(301, '2005-02-08', 3, '837000'),
(302, '1994-01-30', 1, '3,3'),
(302, '1994-01-30', 2, '11200'),
(302, '1994-01-30', 3, '598000'),
(302, '1994-01-30', 4, '3136'),
(302, '1994-01-30', 5, '72200'),
(302, '1994-01-30', 6, '6944'),
(302, '2000-09-04', 1, '6'),
(302, '2000-09-04', 2, '41700'),
(302, '2000-09-04', 3, '277000'),
(302, '2000-09-04', 4, '13366'),
(302, '2000-09-04', 5, '675700'),
(302, '2000-09-04', 6, '25922'),
(303, '2000-06-11', 1, '4,1'),
(303, '2000-06-11', 2, '7300'),
(303, '2000-06-11', 3, '377000'),
(303, '2000-06-11', 5, '897000'),
(303, '2000-06-11', 6, '5037'),
(303, '2004-07-19', 1, '3'),
(303, '2004-07-19', 2, '7600'),
(303, '2004-07-19', 3, '590000'),
(303, '2004-07-19', 5, '112700'),
(303, '2004-07-19', 6, '15015');

-- --------------------------------------------------------


--
-- Déchargement des données de la table `rel_patient_traitement`
--

INSERT INTO `rel_patient_traitement` (`NUMPAT`, `NUMTTT`, `DATEDEB`, `DATEFIN`) VALUES
(1, 2, '1997-06-01', NULL),
(1, 10, '1992-07-01', '1994-09-01'),
(1, 11, '1990-04-01', NULL),
(1, 45, '2002-03-01', NULL),
(3, 9, '2003-07-01', NULL),
(3, 23, '1999-07-01', '2001-01-01'),
(3, 23, '2006-04-01', '2006-10-01'),
(3, 27, '2003-12-01', NULL),
(3, 27, '2004-04-01', NULL),
(4, 11, '2005-03-01', '2005-07-01'),
(5, 11, '1999-02-05', '1999-08-13'),
(6, 11, '2003-06-01', '2003-09-01'),
(7, 9, '2000-06-01', '2006-12-01'),
(7, 11, '1998-06-01', '1999-10-01'),
(7, 11, '2000-06-01', '2005-05-01'),
(7, 23, '2001-01-01', '2006-01-01'),
(7, 34, '2001-12-01', NULL),
(8, 11, '2004-10-01', '2005-03-01'),
(9, 11, '2007-05-01', NULL),
(9, 31, '2007-08-01', NULL),
(10, 11, '2001-05-01', '2002-06-01'),
(11, 11, '1997-05-01', '1997-07-01'),
(11, 11, '1997-07-01', '1998-05-01'),
(11, 11, '1998-07-01', NULL),
(11, 23, '1997-09-01', '2004-02-01'),
(11, 27, '2007-04-01', NULL),
(12, 9, '2002-10-01', '2005-05-25'),
(12, 11, '2000-06-01', '2000-12-01'),
(12, 11, '2001-06-01', '2004-10-31'),
(12, 21, '2006-01-01', NULL),
(12, 23, '2002-05-01', '2002-11-01'),
(12, 31, '2006-07-01', '2006-08-01'),
(12, 43, '2002-07-01', NULL),
(13, 9, '2003-06-01', '2004-01-01'),
(13, 11, '2004-01-01', '2006-07-01'),
(14, 9, '1999-09-01', '2000-01-01'),
(14, 11, '1999-09-01', '2003-10-01'),
(14, 23, '1999-11-01', '2002-12-01'),
(14, 28, '1999-11-01', NULL),
(15, 11, '1998-04-01', '1998-12-01'),
(16, 11, '2001-12-01', NULL),
(16, 31, '2001-04-01', NULL),
(17, 11, '1992-07-01', '1992-08-01'),
(18, 7, '2004-07-01', '2006-02-01'),
(18, 9, '2003-07-01', NULL),
(18, 11, '1999-04-01', '1999-11-01'),
(18, 11, '2000-02-01', '2007-09-01'),
(18, 23, '2001-01-01', '2002-05-01'),
(18, 31, '2002-05-01', NULL),
(19, 11, '2006-11-01', '2006-12-01'),
(19, 11, '2007-10-01', '2008-03-01'),
(20, 9, '2006-03-01', NULL),
(20, 11, '2005-10-01', '2006-08-01'),
(20, 11, '2008-01-01', '2008-02-01'),
(20, 23, '2006-02-01', '2006-03-01'),
(21, 7, '2005-12-01', '2007-04-01'),
(21, 9, '2005-10-01', '2005-12-01'),
(21, 11, '2004-02-01', '2005-12-01'),
(21, 27, '2004-03-01', NULL),
(21, 27, '2005-07-01', NULL),
(22, 11, '2006-06-01', NULL),
(23, 11, '1997-11-01', '1998-05-01'),
(23, 11, '2000-10-01', '2001-08-01'),
(23, 36, '2003-04-01', NULL),
(24, 9, '2002-04-10', '2002-11-01'),
(24, 11, '1999-03-01', '2004-11-01'),
(24, 23, '1999-03-01', '2002-03-06'),
(24, 43, '2002-07-08', NULL),
(25, 11, '2004-01-01', '2004-05-01'),
(26, 1, '2006-02-13', NULL),
(26, 9, '2006-06-01', NULL),
(26, 11, '2005-09-01', '2006-02-01'),
(27, 11, '1997-01-01', '1997-02-01'),
(27, 11, '1997-08-01', '1997-12-01'),
(28, 11, '1991-11-01', '1993-04-01'),
(28, 38, '1992-04-01', '1993-05-01'),
(28, 43, '1992-05-12', NULL),
(29, 11, '2000-01-08', NULL),
(30, 2, '2001-08-01', NULL),
(30, 11, '2001-09-01', '2001-11-01'),
(30, 11, '2005-01-01', '2006-07-01'),
(30, 37, '2005-01-12', NULL),
(30, 38, '2005-01-14', '2008-06-01'),
(31, 11, '1998-10-01', '1999-02-01'),
(32, 11, '2006-07-01', '2006-09-01'),
(33, 11, '1995-07-01', '1998-03-01'),
(34, 11, '1998-07-01', NULL),
(35, 11, '2002-06-01', '2002-08-08'),
(35, 11, '2003-07-11', '2003-08-03'),
(35, 11, '2005-08-27', '2005-09-01'),
(35, 11, '2007-02-01', '2007-11-06'),
(35, 11, '2007-03-30', '2007-04-03'),
(36, 11, '2003-01-01', '2003-04-01'),
(37, 11, '1997-05-01', '1997-06-01'),
(37, 11, '2000-05-01', '2001-01-01'),
(38, 7, '2001-06-01', '2002-12-01'),
(38, 9, '1990-03-01', '1991-01-25'),
(38, 23, '1991-12-01', '1995-06-01'),
(38, 43, '1990-01-24', NULL),
(40, 11, '1996-11-01', '2000-07-01'),
(42, 11, '1995-10-01', '1996-03-01'),
(42, 43, '1996-04-29', NULL),
(43, 11, '1992-05-01', '1993-08-01'),
(44, 11, '2000-01-01', '2000-03-01'),
(46, 7, '2001-12-01', '2002-12-01'),
(46, 11, '1997-06-01', '2002-02-01'),
(47, 11, '2004-06-01', NULL),
(48, 7, '1999-01-01', '1999-03-01'),
(48, 11, '1998-12-01', '2000-08-01'),
(48, 17, '1998-12-01', NULL),
(48, 23, '1999-03-01', '1999-12-01'),
(49, 11, '2006-01-01', '2006-03-01'),
(49, 11, '2007-08-01', NULL),
(49, 11, '2008-03-01', '2008-06-01'),
(50, 11, '2007-09-01', '2008-02-01'),
(50, 27, '2007-10-01', NULL),
(51, 11, '2001-02-01', '2001-10-01'),
(52, 9, '2001-02-01', '2001-04-01'),
(52, 11, '2000-01-01', '2001-04-01'),
(52, 31, '2000-04-01', NULL),
(52, 31, '2001-03-01', NULL),
(52, 42, '1996-10-01', NULL),
(53, 11, '1998-12-01', NULL),
(53, 11, '2001-06-01', NULL),
(53, 11, '2002-01-01', '2003-05-01'),
(53, 44, '2002-03-01', '2003-02-01'),
(53, 44, '2003-10-01', '2003-11-01'),
(53, 44, '2005-06-01', NULL),
(54, 11, '2007-10-01', NULL),
(58, 11, '2003-12-01', '2004-02-01'),
(59, 11, '2001-02-01', '2001-10-01'),
(60, 10, '2000-09-01', '2000-09-01'),
(60, 11, '1999-10-01', '2002-12-01'),
(61, 11, '1999-10-01', '2000-10-01'),
(61, 31, '2000-02-01', NULL),
(62, 10, '2006-05-01', '2007-01-01'),
(62, 11, '2004-03-01', '2004-06-01'),
(62, 11, '2004-09-01', '2005-05-01'),
(62, 11, '2005-09-01', '2006-05-01'),
(63, 7, '2005-04-01', NULL),
(63, 9, '2005-03-01', NULL),
(63, 31, '2005-04-01', NULL),
(64, 11, '2003-03-01', '2003-03-01'),
(64, 11, '2005-01-01', '2006-01-01'),
(64, 35, '2005-02-01', '2006-01-01'),
(64, 36, '2003-09-01', '2005-02-01'),
(66, 11, '1998-10-01', '1999-01-01'),
(66, 11, '2000-05-01', '2000-07-01'),
(66, 11, '2001-07-01', '2001-09-01'),
(66, 15, '2000-05-01', NULL),
(67, 11, '2005-03-01', NULL),
(68, 9, '2007-08-23', NULL),
(68, 11, '2006-08-01', '2007-01-01'),
(68, 11, '2007-01-01', '2007-08-09'),
(68, 11, '2007-10-01', '2007-11-13'),
(68, 31, '2007-08-01', NULL),
(69, 11, '2001-01-01', '2002-04-01'),
(69, 11, '2001-03-01', '2001-04-01'),
(70, 11, '1995-07-01', NULL),
(70, 11, '2002-01-01', NULL),
(70, 27, '2003-02-01', NULL),
(70, 41, '1996-04-01', '1996-09-01'),
(70, 43, '1998-05-19', NULL),
(71, 11, '1999-03-01', '1999-05-01'),
(71, 11, '2000-10-01', '2000-11-01'),
(71, 11, '2002-05-01', '2002-06-01'),
(71, 11, '2002-09-01', '2002-10-01'),
(71, 11, '2004-05-01', '2005-02-01'),
(72, 11, '1992-12-01', '1996-01-03'),
(73, 11, '2002-08-01', '2003-04-01'),
(74, 11, '2005-09-01', '2005-12-01'),
(76, 11, '2008-07-30', '2008-09-17'),
(77, 9, '2004-02-01', '2004-08-01'),
(77, 11, '2004-08-01', '2006-05-01'),
(78, 9, '2003-05-01', NULL),
(78, 11, '2000-04-01', NULL),
(78, 23, '2007-01-01', '2007-01-01'),
(79, 9, '2003-10-01', '2004-03-01'),
(79, 11, '2000-11-01', '2002-07-01'),
(79, 27, '2001-06-01', NULL),
(79, 37, '2001-03-01', '2001-05-01'),
(79, 43, '2000-12-05', NULL),
(80, 11, '2002-07-01', '2002-09-01'),
(81, 11, '2001-07-01', '2001-12-01'),
(83, 11, '2006-07-01', '2007-02-01'),
(84, 11, '2008-02-01', NULL),
(85, 11, '2006-10-01', '2007-05-01'),
(87, 11, '2000-11-01', '2001-04-01'),
(87, 11, '2002-10-01', '2005-04-01'),
(88, 7, '2006-05-01', '2007-04-01'),
(88, 11, '2007-04-01', '2008-03-01'),
(88, 31, '2007-04-01', NULL),
(89, 11, '2004-10-01', NULL),
(90, 11, '2008-01-01', '2008-01-01'),
(91, 11, '1997-03-01', '1998-03-01'),
(91, 11, '1998-09-01', NULL),
(91, 11, '1999-05-01', NULL),
(91, 36, '1999-03-01', '2002-04-01'),
(92, 6, '1991-03-01', NULL),
(92, 6, '1992-04-01', NULL),
(92, 6, '1992-07-01', NULL),
(92, 9, '2000-07-28', NULL),
(92, 11, '2000-04-01', '2001-03-01'),
(92, 13, '2000-06-01', NULL),
(92, 27, '2000-08-01', NULL),
(92, 37, '2000-06-01', NULL),
(92, 44, '2000-05-01', NULL),
(93, 11, '1997-10-01', NULL),
(94, 11, '1998-11-01', '1999-07-01'),
(95, 2, '1995-06-01', NULL),
(95, 11, '1993-04-01', '1994-08-01'),
(95, 11, '1995-03-01', NULL),
(95, 23, '1995-08-01', '1996-01-01'),
(95, 43, '1996-03-27', NULL),
(95, 44, '1996-01-01', '1996-02-01'),
(96, 11, '2002-03-01', '2002-09-01'),
(100, 9, '2001-11-01', '2003-05-01'),
(100, 11, '2006-03-01', '2007-11-01'),
(100, 31, '2007-08-01', NULL),
(100, 44, '2003-05-01', '2003-06-01'),
(101, 9, '1997-04-01', NULL),
(101, 11, '1996-11-01', '1999-04-01'),
(101, 17, '1999-03-01', NULL),
(101, 23, '1996-11-01', '1999-01-01'),
(101, 29, '1999-03-01', NULL),
(101, 40, '1999-04-01', NULL),
(101, 43, '1999-01-27', NULL),
(101, 45, '1999-03-01', NULL),
(102, 11, '1998-09-01', NULL),
(103, 11, '2004-06-01', '2004-09-01'),
(103, 11, '2004-12-01', '2005-04-01'),
(103, 11, '2006-04-01', '2006-07-01'),
(103, 27, '2006-05-01', NULL),
(104, 11, '2002-11-01', '2003-11-01'),
(105, 11, '2004-11-01', '2004-12-01'),
(106, 11, '1999-01-01', '1999-04-01'),
(107, 11, '1998-05-01', '1999-12-01'),
(107, 23, '1998-11-01', '2000-12-01'),
(109, 11, '2001-06-01', '2002-05-01'),
(109, 11, '2002-07-01', '2006-06-01'),
(109, 31, '2002-07-01', NULL),
(110, 8, '2008-09-01', NULL),
(110, 11, '2008-08-01', NULL),
(110, 31, '2008-09-01', NULL),
(110, 36, '2008-09-01', NULL),
(111, 11, '2007-08-01', NULL),
(111, 11, '2008-09-06', NULL),
(112, 11, '1998-04-01', '1998-06-01'),
(113, 7, '2007-02-08', NULL),
(113, 11, '2007-01-01', '2007-02-01'),
(113, 27, '2004-03-01', NULL),
(113, 27, '2004-10-01', NULL),
(113, 44, '2005-06-01', '2005-07-01'),
(114, 11, '2003-08-01', '2004-08-01'),
(115, 11, '2005-03-01', NULL),
(116, 11, '1997-06-01', NULL),
(117, 11, '2006-01-01', '2006-10-01'),
(119, 11, '2004-04-01', '2004-12-01'),
(120, 11, '2004-10-01', NULL),
(120, 31, '2003-07-01', NULL),
(121, 11, '2002-04-01', '2003-04-01'),
(121, 23, '2002-07-01', '2003-08-01'),
(121, 30, '2002-05-01', NULL),
(121, 43, '2002-06-18', NULL),
(122, 11, '2004-08-01', '2004-11-01'),
(122, 11, '2004-12-01', '2005-08-01'),
(123, 11, '2000-11-01', '2002-03-01'),
(124, 11, '2005-12-01', '2006-11-01'),
(124, 45, '2005-12-01', '2006-01-01'),
(125, 11, '2005-02-01', '2006-02-01'),
(126, 11, '1987-03-01', '1989-09-01'),
(126, 11, '1999-12-01', '2000-09-01'),
(126, 23, '2000-01-01', '2003-07-01'),
(126, 43, '2003-02-01', NULL),
(127, 11, '2000-07-01', '2000-08-01'),
(127, 11, '2001-04-01', '2001-05-01'),
(127, 11, '2006-04-01', '2006-09-01'),
(127, 27, '2007-07-01', NULL),
(127, 43, '2001-07-18', NULL),
(128, 11, '2003-04-01', '2004-09-01'),
(129, 11, '2007-05-01', NULL),
(130, 11, '2002-08-01', '2003-12-01'),
(131, 11, '2002-10-01', '2003-06-01'),
(132, 7, '2008-08-01', NULL),
(132, 11, '2008-05-01', NULL),
(132, 11, '2008-09-12', NULL),
(132, 31, '2008-08-01', NULL),
(133, 9, '1999-06-01', '2000-12-01'),
(133, 11, '1999-02-01', '1999-12-01'),
(133, 11, '2000-03-01', '2000-07-01'),
(133, 11, '2001-03-01', '2001-06-01'),
(133, 11, '2001-12-01', '2002-03-01'),
(133, 23, '1999-04-01', '1999-11-01'),
(133, 43, '2000-09-19', NULL),
(134, 11, '2002-10-01', '2003-05-01'),
(135, 11, '2002-04-01', '2002-05-01'),
(136, 7, '2005-03-01', NULL),
(136, 9, '2005-01-01', '2005-05-01'),
(136, 11, '2005-01-01', NULL),
(136, 31, '2005-01-01', NULL),
(137, 11, '1994-09-01', '1995-09-01'),
(137, 11, '2005-10-01', '2006-03-01'),
(137, 15, '2006-08-01', '2007-11-01'),
(137, 36, '2006-08-01', '2007-05-01'),
(138, 9, '2000-04-01', '2000-11-01'),
(138, 11, '2000-02-01', '2001-06-01'),
(138, 23, '2000-04-01', '2002-09-01'),
(139, 11, '2006-12-01', '2007-02-01'),
(140, 11, '2002-12-01', '2003-06-01'),
(141, 11, '2004-04-01', '2004-07-01'),
(141, 11, '2004-09-01', '2005-01-01'),
(142, 11, '2007-01-01', '2007-11-01'),
(143, 4, '2002-06-14', NULL),
(143, 9, '2000-02-01', '2000-10-01'),
(143, 11, '1999-09-01', '2001-12-01'),
(143, 11, '2002-02-01', '2002-06-01'),
(143, 13, '2002-05-01', NULL),
(143, 31, '2000-10-01', NULL),
(143, 43, '2001-08-07', NULL),
(143, 44, '2002-04-01', '2002-05-01'),
(145, 11, '2001-06-01', '2002-04-01'),
(146, 7, '2007-06-01', '2008-05-01'),
(146, 11, '2008-01-01', NULL),
(147, 11, '2003-01-01', '2004-02-01'),
(147, 11, '2004-06-01', NULL),
(148, 11, '2005-02-01', '2006-03-01'),
(148, 11, '2006-09-01', NULL),
(149, 11, '2002-11-01', '2003-12-01'),
(149, 27, '2003-09-01', NULL),
(150, 9, '2003-01-01', '2003-10-01'),
(150, 11, '2000-12-01', '2001-11-01'),
(150, 14, '1997-11-01', '1998-11-01'),
(150, 23, '2005-03-01', NULL),
(150, 27, '2003-10-01', NULL),
(150, 27, '2007-02-01', NULL),
(150, 37, '2007-02-01', NULL),
(150, 39, '2000-12-01', '2001-07-01'),
(150, 43, '2003-03-24', NULL),
(150, 44, '1997-11-01', '1998-02-01'),
(151, 1, '2005-12-20', NULL),
(151, 9, '2005-10-01', '2006-06-01'),
(151, 11, '2004-11-01', '2005-12-01'),
(151, 23, '2005-07-01', '2005-10-01'),
(151, 27, '2005-03-01', NULL),
(151, 38, '2005-08-01', '2005-10-01'),
(152, 11, '2007-04-05', NULL),
(152, 36, '2007-05-01', NULL),
(153, 11, '2002-10-01', NULL),
(153, 27, '2002-06-01', NULL),
(154, 11, '2002-12-01', '2003-02-01'),
(155, 11, '1998-11-01', '1999-05-01'),
(156, 7, '2006-01-01', NULL),
(156, 11, '2005-12-01', '2007-03-01'),
(156, 30, '2005-12-01', NULL),
(158, 9, '1993-03-01', '1993-10-01'),
(158, 11, '1990-03-01', '1995-01-01'),
(158, 43, '1988-01-21', NULL),
(159, 11, '1993-04-01', '1993-05-08'),
(159, 16, '1998-02-01', NULL),
(159, 20, '2002-04-24', NULL),
(159, 23, '1999-07-01', '2000-09-01'),
(159, 31, '2000-11-01', NULL),
(159, 36, '1999-03-01', '1999-04-01'),
(159, 37, '1993-04-01', NULL),
(159, 43, '1989-01-13', NULL),
(161, 11, '1999-10-01', '1999-11-01'),
(162, 11, '2004-04-01', '2004-12-01'),
(163, 9, '1994-10-01', '1994-11-01'),
(163, 11, '1994-10-01', '1995-02-01'),
(163, 21, '1998-07-01', '1998-09-01'),
(163, 23, '1994-10-01', '1995-07-01'),
(163, 36, '1998-08-01', '1999-05-01'),
(163, 43, '1994-11-01', NULL),
(164, 9, '2004-04-01', NULL),
(164, 13, '2004-03-01', NULL),
(164, 18, '2004-03-01', NULL),
(164, 23, '2003-02-01', NULL),
(164, 25, '2002-10-01', '2002-11-01'),
(164, 27, '2003-01-01', NULL),
(164, 43, '2004-03-16', NULL),
(165, 11, '2005-10-11', '2008-09-01'),
(166, 11, '2002-07-01', '2003-11-01'),
(167, 11, '2003-02-01', '2004-10-01'),
(167, 36, '2005-02-01', '2005-09-01'),
(167, 43, '2008-06-01', NULL),
(168, 7, '2007-12-01', '2008-05-01'),
(168, 11, '2007-11-01', '2008-03-01'),
(170, 7, '2005-11-01', NULL),
(170, 9, '2003-09-01', '2005-12-01'),
(170, 11, '1992-10-01', '1994-01-01'),
(170, 11, '2002-09-01', '2008-03-01'),
(170, 31, '2002-09-01', NULL),
(170, 43, '1994-01-16', NULL),
(171, 11, '2008-07-04', NULL),
(172, 11, '2007-05-01', '2007-10-01'),
(173, 11, '2003-03-01', '2003-08-01'),
(175, 11, '1990-04-01', '1990-12-01'),
(176, 11, '2003-09-01', '2004-05-01'),
(178, 11, '2001-02-01', '2001-07-01'),
(179, 11, '2002-01-01', NULL),
(179, 31, '2002-02-01', NULL),
(179, 43, '2002-03-12', NULL),
(180, 11, '2004-04-01', NULL),
(180, 23, '2004-11-01', NULL),
(180, 31, '2005-04-01', NULL),
(181, 11, '2002-01-01', '2002-03-01'),
(182, 12, '2006-07-01', NULL),
(183, 11, '2006-06-01', '2007-01-01'),
(184, 11, '2002-07-01', NULL),
(184, 23, '2003-12-01', NULL),
(184, 28, '2003-08-01', NULL),
(184, 36, '2005-08-01', NULL),
(185, 11, '2005-06-01', NULL),
(185, 23, '2005-06-01', NULL),
(186, 11, '2006-04-01', '2007-05-01'),
(186, 31, '2006-06-01', NULL),
(188, 9, '2003-02-01', '2003-05-01'),
(188, 11, '2002-12-01', '2004-10-01'),
(188, 32, '2003-07-01', NULL),
(189, 11, '2006-04-01', '2006-07-08'),
(189, 26, '2006-07-07', NULL),
(190, 11, '2006-03-01', '2007-03-01'),
(191, 11, '2004-04-01', '2004-08-01'),
(194, 11, '2006-03-01', '2007-03-01'),
(194, 19, '2006-03-01', '2008-01-01'),
(195, 11, '2004-05-01', '2004-10-01'),
(195, 27, '2006-03-01', NULL),
(196, 11, '1991-03-01', '1991-08-01'),
(196, 11, '1997-10-01', '1997-12-01'),
(196, 11, '2000-11-01', '2000-12-01'),
(196, 23, '2001-05-01', '2001-11-01'),
(196, 43, '2001-10-09', NULL),
(198, 11, '2004-09-01', '2005-03-01'),
(199, 9, '2003-04-01', '2003-05-01'),
(199, 11, '2003-01-01', '2003-11-01'),
(199, 27, '2003-05-01', NULL),
(199, 27, '2006-07-01', '2006-08-01'),
(199, 36, '2008-06-18', NULL),
(199, 43, '2008-10-22', NULL),
(200, 9, '2004-05-01', '2004-06-01'),
(200, 11, '2003-06-01', NULL),
(200, 23, '2004-11-17', NULL),
(200, 31, '2004-07-01', NULL),
(200, 43, '2005-11-01', NULL),
(201, 11, '2008-02-01', NULL),
(201, 13, '2008-04-01', NULL),
(201, 27, '2008-02-01', NULL),
(202, 11, '2004-05-01', NULL),
(203, 11, '2005-01-01', NULL),
(203, 43, '2005-10-21', NULL),
(204, 11, '1990-03-01', '1990-06-01'),
(206, 11, '2001-01-01', '2001-02-01'),
(207, 11, '2008-03-01', NULL),
(209, 9, '2002-03-01', '2002-07-01'),
(209, 11, '2001-09-01', '2003-03-01'),
(209, 44, '2002-07-01', NULL),
(210, 11, '1997-12-01', '1998-01-01'),
(211, 11, '2004-09-01', '2005-05-01'),
(212, 11, '2002-04-01', '2002-05-01'),
(213, 11, '2006-09-01', '2007-05-01'),
(213, 27, '2006-11-01', NULL),
(214, 11, '2004-07-01', NULL),
(214, 27, '2004-08-01', NULL),
(215, 11, '2007-10-01', NULL),
(216, 11, '2007-01-01', '2007-07-01'),
(217, 11, '2001-09-01', '2003-01-01'),
(217, 43, '2002-11-08', NULL),
(218, 11, '2005-10-01', '2006-04-01'),
(219, 11, '1996-11-01', '1997-02-01'),
(219, 11, '1997-10-01', NULL),
(219, 11, '2004-02-01', '2005-06-01'),
(219, 11, '2007-02-01', '2007-03-01'),
(219, 23, '1998-01-01', '1999-10-01'),
(219, 23, '2004-02-01', '2005-06-01'),
(219, 45, '2002-08-01', '2002-09-01'),
(219, 45, '2007-02-01', NULL),
(220, 11, '2002-05-01', '2003-01-01'),
(221, 11, '1999-01-01', '1999-12-01'),
(221, 11, '2001-06-01', NULL),
(221, 23, '2005-01-01', NULL),
(221, 27, '2002-08-01', NULL),
(221, 43, '1999-12-01', NULL),
(222, 11, '2004-04-01', '2004-05-01'),
(223, 11, '2007-07-01', '2007-09-01'),
(224, 11, '1998-04-01', '1998-09-01'),
(225, 11, '2005-10-01', '2006-04-01'),
(226, 11, '2008-05-01', '2008-09-01'),
(228, 11, '1992-02-01', '1995-02-01'),
(228, 23, '1993-03-01', '1995-09-01'),
(228, 40, '1992-12-01', NULL),
(230, 11, '2008-03-01', NULL),
(232, 11, '2006-10-01', '2007-09-01'),
(232, 23, '2007-03-01', '2007-09-01'),
(232, 27, '2006-12-01', NULL),
(233, 11, '2007-10-01', NULL),
(233, 23, '2008-03-01', NULL),
(233, 31, '2008-09-01', NULL),
(235, 11, '2004-06-01', NULL),
(235, 36, '2002-01-01', '2004-02-01'),
(237, 11, '1997-02-01', '1997-05-01'),
(238, 11, '1999-04-01', '2000-04-01'),
(239, 11, '2007-08-01', '2007-09-01'),
(239, 11, '2007-09-01', NULL),
(239, 38, '2007-11-01', NULL),
(240, 11, '2002-06-01', '2003-02-01'),
(240, 23, '2002-09-01', '2005-01-01'),
(241, 7, '2005-08-01', '2008-09-01'),
(241, 9, '2004-06-01', '2005-09-01'),
(241, 11, '2004-03-01', '2008-09-01'),
(241, 27, '2008-02-01', NULL),
(243, 11, '1994-01-01', '1995-11-01'),
(243, 43, '1995-07-06', NULL),
(244, 11, '2004-12-01', '2005-05-01'),
(245, 11, '2005-02-01', '2005-04-01'),
(246, 7, '2003-11-01', NULL),
(246, 11, '1994-02-01', '1995-09-01'),
(246, 23, '1994-02-01', '1998-08-01'),
(246, 24, '2007-01-01', NULL),
(246, 43, '2001-06-15', NULL),
(247, 11, '1998-02-01', '1998-05-01'),
(248, 11, '1995-07-01', '1996-10-01'),
(249, 11, '1999-09-01', '2000-03-01'),
(249, 43, '1999-12-07', NULL),
(250, 11, '2003-06-01', '2004-01-01'),
(250, 23, '2003-08-01', '2004-11-01'),
(251, 11, '2007-06-01', '2008-02-01'),
(251, 11, '2008-04-01', NULL),
(252, 11, '2003-10-01', '2004-01-01'),
(254, 9, '1993-01-01', '2004-06-01'),
(254, 11, '1988-05-01', '1989-11-01'),
(254, 11, '1990-10-01', '1993-03-01'),
(254, 36, '2003-01-01', '2004-06-01'),
(254, 43, '1989-09-01', NULL),
(254, 44, '1991-01-01', '1993-01-01'),
(255, 11, '2005-07-01', '2006-10-01'),
(256, 11, '2004-12-01', '2005-03-01'),
(256, 11, '2005-05-01', '2005-06-01'),
(256, 27, '2005-05-01', NULL),
(257, 11, '2008-05-07', NULL),
(258, 11, '2003-06-01', '2003-08-01'),
(260, 11, '1997-02-01', '2000-05-01'),
(260, 11, '2000-05-01', '2002-12-01'),
(260, 31, '2000-04-01', NULL),
(260, 37, '2000-05-01', NULL),
(260, 43, '2000-07-01', NULL),
(261, 5, '2001-09-01', NULL),
(261, 11, '2001-10-01', NULL),
(261, 13, '2001-08-01', NULL),
(261, 31, '2001-07-01', NULL),
(261, 43, '2001-07-24', NULL),
(262, 11, '2006-02-01', '2007-01-01'),
(263, 9, '2006-10-01', '2007-03-01'),
(263, 11, '2006-10-01', '2007-02-01'),
(263, 23, '2005-05-01', '2005-11-01'),
(263, 27, '2006-11-01', NULL),
(263, 38, '2007-02-01', NULL),
(264, 27, '2000-11-01', NULL),
(264, 27, '2002-02-01', NULL),
(264, 43, '2002-01-09', NULL),
(266, 11, '2000-04-01', '2000-05-01'),
(267, 11, '2006-12-01', '2007-12-01'),
(269, 9, '2002-02-01', '2002-10-01'),
(269, 11, '2001-12-01', '2002-04-01'),
(269, 11, '2002-07-01', '2003-12-01'),
(269, 43, '2003-11-03', NULL),
(269, 44, '2002-10-01', '2002-11-01'),
(270, 11, '2004-01-01', NULL),
(270, 11, '2005-07-01', NULL),
(270, 23, '2005-07-01', '2007-03-01'),
(270, 43, '2003-12-16', NULL),
(271, 11, '2006-07-01', '2008-04-01'),
(271, 27, '2007-11-01', NULL),
(272, 9, '2001-07-01', '2003-09-01'),
(272, 11, '2001-02-01', '2002-09-01'),
(272, 23, '2001-06-01', NULL),
(272, 33, '2001-07-01', NULL),
(273, 11, '2007-02-01', NULL),
(273, 27, '2007-02-01', NULL),
(274, 11, '2008-02-01', NULL),
(274, 36, '2008-04-01', NULL),
(276, 9, '1995-01-01', NULL),
(276, 11, '1987-02-01', '1987-03-01'),
(276, 11, '1989-07-01', NULL),
(276, 11, '1990-10-01', NULL),
(276, 11, '1992-11-01', NULL),
(276, 23, '1994-12-01', '1994-12-05'),
(276, 37, '1995-04-01', NULL),
(276, 40, '1995-02-01', NULL),
(276, 43, '1990-11-09', NULL),
(276, 45, '1991-10-01', NULL),
(277, 7, '2005-12-01', NULL),
(277, 11, '2004-09-01', '2007-06-01'),
(277, 27, '2005-08-01', NULL),
(279, 3, '2002-11-01', NULL),
(279, 11, '1998-06-01', NULL),
(279, 43, '2001-09-04', NULL),
(281, 11, '1999-10-01', '1999-12-01'),
(282, 11, '2006-12-01', '2007-06-01'),
(283, 1, '2000-06-04', NULL),
(283, 9, '1999-06-01', '1999-08-01'),
(283, 13, '1999-10-01', NULL),
(283, 23, '1999-07-01', '1999-09-01'),
(283, 31, '1999-11-01', NULL),
(283, 43, '1999-06-11', NULL),
(284, 11, '2007-04-01', '2008-07-01'),
(285, 11, '2007-03-01', '2007-04-01'),
(286, 11, '2000-02-01', '2000-08-01'),
(287, 9, '1999-07-01', '2000-12-01'),
(287, 11, '1999-05-01', NULL),
(287, 22, '1999-07-01', '2000-03-01'),
(287, 23, '2000-03-01', NULL),
(287, 28, '1999-12-01', NULL),
(289, 11, '2000-06-01', '2000-07-01'),
(290, 11, '2004-07-01', '2005-05-01'),
(291, 11, '1995-02-01', '1995-11-01'),
(292, 7, '2008-09-04', NULL),
(292, 9, '2001-10-01', NULL),
(292, 10, '2005-02-01', '2005-07-01'),
(292, 11, '1999-12-01', NULL),
(292, 31, '2001-09-01', NULL),
(292, 46, '2003-06-01', NULL),
(293, 11, '2000-11-01', '2001-01-01'),
(293, 43, '2003-08-11', NULL),
(294, 9, '2004-04-01', '2004-09-01'),
(294, 11, '2004-04-01', '2006-04-01'),
(294, 23, '2004-08-01', '2007-06-01'),
(294, 27, '2004-08-01', NULL),
(295, 11, '2007-10-01', '2007-12-01'),
(296, 11, '2008-02-01', NULL),
(297, 9, '2001-02-01', '2003-09-01'),
(297, 11, '2000-11-01', '2005-03-01'),
(301, 11, '1995-08-01', '1995-10-01'),
(301, 11, '2000-07-01', '2003-03-01'),
(301, 31, '2001-04-01', NULL),
(301, 43, '2001-11-29', NULL),
(302, 11, '1994-07-01', '1996-02-01'),
(302, 23, '1994-04-01', '1996-12-01'),
(302, 44, '1994-05-01', NULL),
(303, 11, '2000-06-01', '2000-08-01');

-- --------------------------------------------------------






-- gestion avec procedures triggers prevue
-- select aes_encrypt('marco','Evian&Chi1'), aes_decrypt(aes_encrypt('marco','Evian&Chi1'),'Evian&Chi1')

-- DELIMITER $$
-- CREATE PROCEDURE getClefk(OUT clef varchar(50))
--  BEGIN
--    Select 'Evian&Chi1';
--  END$$
-- DELIMITER ;

--
-- INSERT juste pour l'exmeple
-- A NE PAS FAIRE (sécurité des données, mdp, et clefs)
--
INSERT INTO `utilisateur` (`nomutilisateur`, `motdepasseU`) VALUES
('gregory', CryptMdp('marcesttropbeau')),
('manon', CryptMdp('marcestsuperbeau')),
('marc', CryptMdp('jemaime')),
('valerie',CryptMdp('projet_parfait'));



/*!40101 SET CHARACTER_SET_CLIENT=@OLD_CHARACTER_SET_CLIENT */;
/*!40101 SET CHARACTER_SET_RESULTS=@OLD_CHARACTER_SET_RESULTS */;
/*!40101 SET COLLATION_CONNECTION=@OLD_COLLATION_CONNECTION */;
